Agency,Component,Fiscal Year,Processing Costs,Litigation-Related Costs,Total Costs,Total Amount of Fees Collected,Percentage of Total Costs
Commodity Futures Trading Commission,Agency Overall,2018,164347.0,0.0,164347.0,0.0,0.0
Merit Systems Protection Board,Agency Overall,2018,250081.77,0.0,250081.77,0.0,0.0
United States African Development Foundation,Agency Overall,2018,9000.0,0.0,9000.0,0.0,0.0
Securities and Exchange Commission,Agency Overall,2018,9096609.0,186604.0,9283213.0,33179.65,0.36
Department of Homeland Security,Agency Overall,2018,69205797.03,7479639.76,76685436.79,18518.58,0.03
National Indian Gaming Commission,Agency Overall,2018,80000.0,0.0,80000.0,295.5,0.37
Office of Government Ethics,Agency Overall,2018,308392.7,53710.73,362103.43,0.0,0.0
"National Commission on Military, National, and Public Service",Agency Overall,2018,42152.8,0.0,42152.8,0.0,0.0
National Mediation Board,Agency Overall,2018,75260.0,0.0,75260.0,37.6,0.05
U.S. Agency for Global Media,Agency Overall,2018,107718.0,0.0,107718.0,55.2,0.05
Office of Navajo and Hopi Indian Relocation,Agency Overall,2018,53247.0,0.0,53247.0,0.0,0.0
Consumer Financial Protection Bureau,Agency Overall,2018,622600.0,11200.0,633800.0,37038.35,5.95
Department of Agriculture,Agency Overall,2018,13031129.07,1162826.43,14193955.5,110589.66,0.85
Court Services and Offender Supervision Agency,Agency Overall,2018,452255.8,0.0,452255.8,181.25,0.04
General Services Administration,Agency Overall,2018,728356.0,0.0,728356.0,17231.0,2.37
Federal Mediation and Conciliation Service,Agency Overall,2018,75000.0,0.0,75000.0,0.0,0.0
Harry S. Truman Scholarship Foundation,Agency Overall,2018,100.0,0.0,100.0,0.0,0.0
Peace Corps,Agency Overall,2018,190208.0,0.0,190208.0,0.0,0.0
Department of Education,Agency Overall,2018,7475688.83,273345.0,7749033.83,3227.21,0.04
Office of National Drug Control Policy,Agency Overall,2018,71800.0,0.0,71800.0,0.0,0.0
Department of Housing and Urban Development,Agency Overall,2018,1050581.31,1095926.9,2146508.21,34134.11,3.25
Armed Forces Retirement Home,Agency Overall,2018,31030.0,0.0,31030.0,0.0,0.0
National Capital Planning Commission,Agency Overall,2018,8209.76,0.0,8209.76,0.0,0.0
Federal Communications Commission,Agency Overall,2018,3434703.76,133934.04,3568637.8,6021.08,0.18
Legal Services Corporation,Agency Overall,2018,46048.0,0.0,46048.0,0.0,0.0
United States International Trade Commission,Agency Overall,2018,22729.26,84.1,22813.36,245.5,1.08
Inter-American Foundation,Agency Overall,2018,10000.0,0.0,10000.0,0.0,0.0
Federal Retirement Thrift Investment Board,Agency Overall,2018,89703.0,0.0,89703.0,0.0,0.0
Department of the Treasury,Agency Overall,2018,17152331.89,1195381.53,18347713.42,203391.46,1.19
Office of Personnel Management,Agency Overall,2018,2093916.24,23831.0,2117747.24,13451.9,0.64
Gulf Coast Ecosystem Restoration Council,Agency Overall,2018,10605.0,0.0,10605.0,0.0,0.0
James Madison Memorial Fellowship Foundation,Agency Overall,2018,100.0,0.0,100.0,0.0,0.0
Office of the Director of National Intelligence,Agency Overall,2018,1738000.0,235485.0,1973485.0,0.0,0.0
United States Trade and Development Agency,Agency Overall,2018,26000.0,0.0,26000.0,0.0,0.0
Council of the Inspectors General on Integrity and Efficiency,Agency Overall,2018,3108.0,0.0,3108.0,0.0,0.0
Appraisal Subcommittee,Agency Overall,2018,456.0,0.0,456.0,0.0,0.0
U.S. Railroad Retirement Board,Agency Overall,2018,57461.0,0.0,57461.0,27.0,0.05
Committee for Purchase from People Who Are Blind or Severely Disabled,Agency Overall,2018,25200.0,0.0,25200.0,362.0,1.44
Federal Deposit Insurance Corporation,Agency Overall,2018,2758232.0,56532.0,2814764.0,7571.24,0.27
National Railroad Passenger Corporation,Agency Overall,2018,150000.0,0.0,150000.0,266.0,0.18
Department of Health and Human Services,Agency Overall,2018,49291983.16,1440416.19,50732399.35,785192.24,1.59
U.S. Department of State,Agency Overall,2018,34453755.75,1440357.04,35894112.79,9092.98,0.03
Occupational Safety and Health Review Commission,Agency Overall,2018,207800.18,0.0,207800.18,0.0,0.0
Office of the United States Trade Representative,Agency Overall,2018,254000.0,4000.0,258000.0,1558.0,0.61
Federal Reserve System,Agency Overall,2018,1358488.0,22228.0,1380716.0,603.8,0.04
U.S. Agency for International Development,Agency Overall,2018,4933339.78,357184.93,5290524.71,7200.0,0.15
U.S. Election Assistance Commission,Agency Overall,2018,20000.0,0.0,20000.0,0.0,0.0
Small Business Administration,Agency Overall,2018,393120.0,0.0,393120.0,42100.0,10.71
AmeriCorps,Agency Overall,2018,22500.0,0.0,22500.0,336.0,1.49
Presidio Trust,Agency Overall,2018,100.0,0.0,100.0,0.0,0.0
Office of Science and Technology Policy,Agency Overall,2018,151102.25,0.0,151102.25,0.0,0.0
Farm Credit Administration,Agency Overall,2018,32000.0,0.0,32000.0,491.81,1.54
Federal Housing Finance Agency,Agency Overall,2018,420635.56,0.0,420635.56,0.0,0.0
Department of Commerce,Agency Overall,2018,13073431.3,174447.1,13247878.4,123716.26,0.95
United States Institute of Peace,Agency Overall,2018,300.0,0.0,300.0,0.0,0.0
U.S. Nuclear Waste Technical Review Board,Agency Overall,2018,100.0,0.0,100.0,0.0,0.0
Nuclear Regulatory Commission,Agency Overall,2018,1649093.0,0.0,1649093.0,8059.0,0.49
Overseas Private Investment Corporation,Agency Overall,2018,127781.31,0.0,127781.31,565.62,0.44
Selective Service System,Agency Overall,2018,3373.62,0.0,3373.62,0.0,0.0
Export-Import Bank of the U.S.,Agency Overall,2018,523383.05,0.0,523383.05,991.68,0.19
United States International Boundary and Water Commission,Agency Overall,2018,180000.0,0.0,180000.0,0.0,0.0
Department of Justice,Agency Overall,2018,69380355.12,14589830.91,83970186.03,28442.99,0.04
Morris K. Udall and Stewart L. Udall Foundation,Agency Overall,2018,100.0,0.0,100.0,0.0,0.0
United States Access Board,Agency Overall,2018,15125.88,0.0,15125.88,0.0,0.0
U.S. Interagency Council on Homelessness,Agency Overall,2018,8150.0,0.0,8150.0,0.0,0.0
Office of Management and Budget,Agency Overall,2018,360500.0,7025.0,367525.0,0.0,0.0
Federal Financial Institutions Examination Council,Agency Overall,2018,10168.0,0.0,10168.0,0.0,0.0
Privacy and Civil Liberties Oversight Board,Agency Overall,2018,9800.0,0.0,9800.0,0.0,0.0
Pension Benefit Guaranty Corporation,Agency Overall,2018,266510.0,0.0,266510.0,1186.0,0.45
Central Intelligence Agency,Agency Overall,2018,7945804.0,1096706.0,9042510.0,870.0,0.01
Defense Nuclear Facilities Safety Board,Agency Overall,2018,43000.0,0.0,43000.0,0.0,0.0
Advisory Council on Historic Preservation,Agency Overall,2018,18881.76,0.0,18881.76,0.0,0.0
National Council on Disability,Agency Overall,2018,1000.0,0.0,1000.0,0.0,0.0
Postal Regulatory Commission,Agency Overall,2018,15000.0,0.0,15000.0,1895.72,12.64
Farm Credit System Insurance Corporation,Agency Overall,2018,300.0,300.0,600.0,0.0,0.0
Neighborhood Reinvestment Corporation,Agency Overall,2018,84600.0,0.0,84600.0,0.0,0.0
Federal Maritime Commission,Agency Overall,2018,479103.76,0.0,479103.76,0.0,0.0
National Labor Relations Board,Agency Overall,2018,2077083.0,7003.0,2084086.0,6725.0,0.32
National Aeronautics and Space Administration,Agency Overall,2018,1327304.9,12630.77,1339935.67,13007.84,0.0098
Department of Veterans Affairs,Agency Overall,2018,14966099.46,235560.1,15201659.56,88409.72,0.59
Commission of Fine Arts,Agency Overall,2018,12000.0,0.0,12000.0,0.0,0.0
Department of Energy,Agency Overall,2018,2046929.5,179000.0,2225929.5,16317.83,0.8
Environmental Protection Agency,Agency Overall,2018,33663739.64,1848579.21,35512318.85,156275.18,0.46
National Endowment for the Humanities,Agency Overall,2018,100200.0,100200.0,200400.0,0.0,0.0
U.S. Commission on Civil Rights,Agency Overall,2018,42000.0,0.0,42000.0,0.0,0.0
Department of Labor,Agency Overall,2018,16583836.0,511796.0,17095632.0,188532.8,1.14
Federal Labor Relations Authority,Agency Overall,2018,22078.0,0.0,22078.0,0.0,0.0
National Science Foundation,Agency Overall,2018,379491.0,0.0,379491.0,0.0,0.0
Federal Energy Regulatory Commission,Agency Overall,2018,576921.0,0.0,576921.0,0.0,0.0
Federal Trade Commission,Agency Overall,2018,860926.71,33848.45,894775.16,11487.64,1.33
Office of the Special Inspector General for Afghanistan Reconstruction,Agency Overall,2018,68036.0,0.0,68036.0,0.0,0.0
Marine Mammal Commission,Agency Overall,2018,1000.0,0.0,1000.0,0.0,0.0
Office of Special Counsel,Agency Overall,2018,916354.0,36972.0,953326.0,0.0,0.0
United States Postal Service,Agency Overall,2018,1046757.8,41138.28,1087896.08,26042.3,2.49
Equal Employment Opportunity Commission,Agency Overall,2018,3072468.44,0.0,3072468.44,19870.15,0.65
Chemical Safety and Hazard Investigation Board,Agency Overall,2018,95000.0,0.0,95000.0,0.0,0.0
Department of the Interior,Agency Overall,2018,14181521.3,1032366.09,15213887.39,57667.11,0.41
Federal Mine Safety and Health Review Commission,Agency Overall,2018,120000.0,0.0,120000.0,1099.2,0.92
Denali Commission,Agency Overall,2018,100.0,0.0,100.0,0.0,0.0
National Archives and Records Administration,Agency Overall,2018,5005879.0,58631.0,5064510.0,0.0,0.0
United States Copyright Office,Agency Overall,2018,16478.6,0.0,16478.6,0.0,0.0
Social Security Administration,Agency Overall,2018,3367845.83,57877.32,3425723.15,291314.5,8.65
National Transportation Safety Board,Agency Overall,2018,624543.12,0.0,624543.12,197.0,0.03
Administrative Conference of the United States,Agency Overall,2018,10928.0,0.0,10928.0,0.0,0.0
National Credit Union Administration,Agency Overall,2018,405020.0,0.0,405020.0,564.25,0.14
Surface Transportation Board,Agency Overall,2018,41948.43,0.0,41948.43,497.38,1.19
Institute of Museum and Library Services,Agency Overall,2018,34187.0,0.0,34187.0,0.0,0.0
Tennessee Valley Authority,Agency Overall,2018,236508.0,0.0,236508.0,2160.9,0.91
Council on Environmental Quality,Agency Overall,2018,268519.5,0.0,268519.5,0.0,0.0
Department of Transportation,Agency Overall,2018,12053535.07,278505.42,12332040.49,414990.53,3.44
National Endowment for the Arts,Agency Overall,2018,86000.0,0.0,86000.0,0.0,0.0
Federal Open Market Committee,Agency Overall,2018,60760.0,0.0,60760.0,0.0,0.0
Consumer Product Safety Commission,Agency Overall,2018,678663.46,3000.0,681663.46,861.3,0.13
Department of Defense,Agency Overall,2018,77661994.91,5283602.5,82945597.41,187165.75,0.24
Millennium Challenge Corporation,Agency Overall,2018,16000.0,0.0,16000.0,0.0,0.0
American Battle Monuments Commission,Agency Overall,2018,13026.39,0.0,13026.39,0.0,0.0
Social Security Advisory Board,Agency Overall,2018,100.0,0.0,100.0,0.0,0.0
Federal Election Commission,Agency Overall,2018,223124.79,30688.73,253813.52,0.0,0.0
Federal Financial Institutions Examination Council,Agency Overall,2019,10168.0,0.0,10168.0,0.0,0.0
Surface Transportation Board,Agency Overall,2019,55569.22,0.0,55569.22,50.0,0.09
Commodity Futures Trading Commission,Agency Overall,2019,201488.07,0.0,201488.07,0.0,0.0
Social Security Advisory Board,Agency Overall,2019,100.0,0.0,100.0,0.0,0.0
Federal Retirement Thrift Investment Board,Agency Overall,2019,91740.0,0.0,91740.0,0.0,0.0
Office of Management and Budget,Agency Overall,2019,908860.0,10640.0,919500.0,0.0,0.0
Environmental Protection Agency,Agency Overall,2019,32626930.0,2132910.0,34759840.0,133040.55,0.41
Federal Housing Finance Agency,Agency Overall,2019,459617.9,0.0,459617.9,0.0,0.0
Consumer Product Safety Commission,Agency Overall,2019,434997.68,0.0,434997.68,0.0,0.0
U.S. Interagency Council on Homelessness,Agency Overall,2019,3200.0,0.0,3200.0,0.0,0.0
Office of National Drug Control Policy,Agency Overall,2019,186000.0,0.0,186000.0,0.0,0.0
Farm Credit System Insurance Corporation,Agency Overall,2019,600.0,0.0,600.0,0.0,0.0
National Endowment for the Arts,Agency Overall,2019,87500.0,0.0,87500.0,0.0,0.0
National Mediation Board,Agency Overall,2019,72000.0,0.0,72000.0,0.0,0.0
U.S. Agency for International Development,Agency Overall,2019,4101032.12,299453.13,4400485.25,0.0,0.0
U.S. Election Assistance Commission,Agency Overall,2019,20000.0,0.0,20000.0,0.0,0.0
Occupational Safety and Health Review Commission,Agency Overall,2019,235997.55,0.0,235997.55,201.5,0.09
United States International Trade Commission,Agency Overall,2019,44200.0,0.0,44200.0,0.0,0.0
Social Security Administration,Agency Overall,2019,3281076.76,19737.5,3300814.26,287309.32,8.76
Department of Labor,Agency Overall,2019,18223960.0,511683.0,18735643.0,197356.66,1.08
Federal Mine Safety and Health Review Commission,Agency Overall,2019,125000.0,0.0,125000.0,271.35,0.22
Department of Defense,Agency Overall,2019,82185957.3,3212556.55,85398513.85,239765.07,0.29
Department of Justice,Agency Overall,2019,76597735.11,16665796.23,93263531.34,33200.67,0.04
Office of the Director of National Intelligence,Agency Overall,2019,1798000.0,137849.0,1935849.0,0.0,0.0
Court Services and Offender Supervision Agency,Agency Overall,2019,188585.0,0.0,188585.0,148.25,0.08
Department of the Treasury,Agency Overall,2019,17907075.91,1394963.1,19302039.01,199308.41,1.11
U.S. Commission on Civil Rights,Agency Overall,2019,42000.0,0.0,42000.0,0.0,0.0
United States Postal Service,Agency Overall,2019,974059.0,288.0,974347.0,25121.82,2.58
Department of the Interior,Agency Overall,2019,13836202.32,2511729.76,16347932.08,18924.62,0.14
American Battle Monuments Commission,Agency Overall,2019,13961.0,0.0,13961.0,0.0,0.0
National Aeronautics and Space Administration,Agency Overall,2019,1434219.11,0.0,1434219.11,24942.48,0.0174
Office of Special Counsel,Agency Overall,2019,550434.46,0.0,550434.46,0.0,0.0
Federal Maritime Commission,Agency Overall,2019,322451.0,0.0,322451.0,0.0,0.0
Privacy and Civil Liberties Oversight Board,Agency Overall,2019,9800.0,0.0,9800.0,0.0,0.0
Department of Agriculture,Agency Overall,2019,16487588.97,2099479.85,18587068.82,99359.73,0.6
Farm Credit Administration,Agency Overall,2019,32000.0,0.0,32000.0,0.0,0.0
U.S. Department of State,Agency Overall,2019,26626139.69,1133455.0,27759594.69,984.0,0.0
Pension Benefit Guaranty Corporation,Agency Overall,2019,333541.0,0.0,333541.0,1374.0,0.41
Council on Environmental Quality,Agency Overall,2019,227524.0,0.0,227524.0,0.0,0.0
Peace Corps,Agency Overall,2019,1794054.0,0.0,1794054.0,0.0,0.0
General Services Administration,Agency Overall,2019,2183097.0,33848.03,2216945.03,26650.1,1.22
Merit Systems Protection Board,Agency Overall,2019,241329.0,0.0,241329.0,0.0,0.0
Federal Communications Commission,Agency Overall,2019,3289945.76,67372.5,3357318.26,16336.39,0.5
Tennessee Valley Authority,Agency Overall,2019,215523.77,0.0,215523.77,1162.45,0.54
Nuclear Regulatory Commission,Agency Overall,2019,1776252.47,0.0,1776252.47,16931.33,0.95
Federal Energy Regulatory Commission,Agency Overall,2019,595592.0,0.0,595592.0,0.0,0.0
National Archives and Records Administration,Agency Overall,2019,4704677.0,53857.0,4758534.0,0.0,0.0
Gulf Coast Ecosystem Restoration Council,Agency Overall,2019,7360.0,0.0,7360.0,0.0,0.0
Department of Education,Agency Overall,2019,6021961.99,537813.95,6559775.94,3757.74,0.06
Department of Energy,Agency Overall,2019,8341384.3,344332.0,8685716.3,3306.31,0.04
"National Commission on Military, National, and Public Service",Agency Overall,2019,101166.72,0.0,101166.72,0.0,0.0
Morris K. Udall and Stewart L. Udall Foundation,Agency Overall,2019,1.0,0.0,1.0,0.0,0.0
United States Access Board,Agency Overall,2019,159381.0,0.0,159381.0,56.0,0.04
United States Trade and Development Agency,Agency Overall,2019,15000.0,0.0,15000.0,0.0,0.0
Federal Open Market Committee,Agency Overall,2019,88102.0,0.0,88102.0,0.0,0.0
Department of Homeland Security,Agency Overall,2019,68183700.62,3814896.44,71998597.06,16729.34,0.02
Federal Mediation and Conciliation Service,Agency Overall,2019,75000.0,0.0,75000.0,0.0,0.0
Defense Nuclear Facilities Safety Board,Agency Overall,2019,45000.0,0.0,45000.0,0.0,0.0
Department of Commerce,Agency Overall,2019,7447776.65,174447.1,7622223.75,86639.03,1.16
Inter-American Foundation,Agency Overall,2019,10000.0,0.0,10000.0,0.0,0.0
James Madison Memorial Fellowship Foundation,Agency Overall,2019,100.0,0.0,100.0,0.0,0.0
Presidio Trust,Agency Overall,2019,9369.0,0.0,9369.0,0.0,0.0
National Endowment for the Humanities,Agency Overall,2019,100000.0,0.0,100000.0,0.0,0.0
Consumer Financial Protection Bureau,Agency Overall,2019,725081.0,130000.0,855081.0,1086.0,0.15
Advisory Council on Historic Preservation,Agency Overall,2019,25093.3,0.0,25093.3,0.0,0.0
Federal Reserve System,Agency Overall,2019,1390794.0,14089.0,1404883.0,426.4,0.03
Securities and Exchange Commission,Agency Overall,2019,7238733.49,343201.68,7581935.17,17921.9,0.25
Appraisal Subcommittee,Agency Overall,2019,219.0,0.0,219.0,0.0,0.0
Office of the United States Trade Representative,Agency Overall,2019,258000.0,0.0,258000.0,874.0,0.34
United States International Boundary and Water Commission,Agency Overall,2019,150000.0,0.0,150000.0,0.0,0.0
Harry S. Truman Scholarship Foundation,Agency Overall,2019,100.0,0.0,100.0,0.0,0.0
Federal Trade Commission,Agency Overall,2019,873633.2,22988.0,896621.2,11487.64,1.31
National Science Foundation,Agency Overall,2019,371996.0,5545.0,377541.0,380.07,0.1
Overseas Private Investment Corporation,Agency Overall,2019,172968.0,0.0,172968.0,4274.25,2.47
U.S. Nuclear Waste Technical Review Board,Agency Overall,2019,3420.0,0.0,3420.0,0.0,0.0
Council of the Inspectors General on Integrity and Efficiency,Agency Overall,2019,55951.68,46328.45,102280.13,0.0,0.0
United States African Development Foundation,Agency Overall,2019,9000.0,0.0,9000.0,0.0,0.0
Federal Labor Relations Authority,Agency Overall,2019,22371.0,0.0,22371.0,0.0,0.0
Equal Employment Opportunity Commission,Agency Overall,2019,4064243.14,4863.05,4069106.19,25636.35,0.63
Office of Personnel Management,Agency Overall,2019,2233841.48,44550.0,2278391.48,15000.0,0.67
Office of the Special Inspector General for Afghanistan Reconstruction,Agency Overall,2019,83398.0,0.0,83398.0,0.0,0.0
Institute of Museum and Library Services,Agency Overall,2019,36655.0,0.0,36655.0,0.0,0.0
United States Institute of Peace,Agency Overall,2019,50000.0,0.0,50000.0,0.0,0.0
National Indian Gaming Commission,Agency Overall,2019,50000.0,0.0,50000.0,3827.75,7.66
Federal Election Commission,Agency Overall,2019,234589.44,278.44,234867.88,0.0,0.0
Commission of Fine Arts,Agency Overall,2019,12000.0,0.0,12000.0,96.0,0.8
National Railroad Passenger Corporation,Agency Overall,2019,100000.0,0.0,100000.0,78.0,0.08
Office of Science and Technology Policy,Agency Overall,2019,202008.31,0.0,202008.31,0.0,0.0
Denali Commission,Agency Overall,2019,100.0,0.0,100.0,0.0,0.0
United States Copyright Office,Agency Overall,2019,26783.09,0.0,26783.09,0.0,0.0
Committee for Purchase from People Who Are Blind or Severely Disabled,Agency Overall,2019,20875.0,9925.0,30800.0,0.0,0.0
National Transportation Safety Board,Agency Overall,2019,703110.0,0.0,703110.0,0.0,0.0
Selective Service System,Agency Overall,2019,4723.06,0.0,4723.06,0.0,0.0
Office of Government Ethics,Agency Overall,2019,222010.42,52041.51,274051.93,0.0,0.0
Export-Import Bank of the U.S.,Agency Overall,2019,491752.8,0.0,491752.8,368.0,0.07
Armed Forces Retirement Home,Agency Overall,2019,31030.0,0.0,31030.0,0.0,0.0
Department of Housing and Urban Development,Agency Overall,2019,600910.98,19000.0,619910.98,20779.07,3.46
Administrative Conference of the United States,Agency Overall,2019,11233.0,0.0,11233.0,0.0,0.0
AmeriCorps,Agency Overall,2019,35600.0,0.0,35600.0,0.0,0.0
Federal Deposit Insurance Corporation,Agency Overall,2019,259474.0,10156.0,269630.0,8952.48,3.45
Central Intelligence Agency,Agency Overall,2019,7060591.0,1155651.0,8216242.0,577.21,0.01
Small Business Administration,Agency Overall,2019,346486.0,0.0,346486.0,19500.0,5.63
Chemical Safety and Hazard Investigation Board,Agency Overall,2019,45190.0,2104.0,47294.0,4532.0,10.03
National Labor Relations Board,Agency Overall,2019,2002447.0,191.0,2002638.0,6426.0,0.32
National Credit Union Administration,Agency Overall,2019,422697.0,0.0,422697.0,169.0,0.04
Department of Health and Human Services,Agency Overall,2019,21208131.45,1392072.34,22600203.79,590493.49,2.78
Department of Veterans Affairs,Agency Overall,2019,14773022.61,75001.0,14848023.61,58289.32,0.39
Department of Transportation,Agency Overall,2019,12846762.38,215419.0,13062181.38,323391.43,2.52
National Council on Disability,Agency Overall,2019,10000.0,0.0,10000.0,0.0,0.0
U.S. Railroad Retirement Board,Agency Overall,2019,57461.0,0.0,57461.0,145.0,0.25
Office of Navajo and Hopi Indian Relocation,Agency Overall,2019,876.21,0.0,876.21,0.0,0.0
Millennium Challenge Corporation,Agency Overall,2019,177000.0,0.0,177000.0,0.0,0.0
Legal Services Corporation,Agency Overall,2019,46627.0,0.0,46627.0,0.0,0.0
U.S. Agency for Global Media,Agency Overall,2019,160000.0,10000.0,170000.0,0.0,0.0
Neighborhood Reinvestment Corporation,Agency Overall,2019,97624.0,0.0,97624.0,0.0,0.0
Marine Mammal Commission,Agency Overall,2019,1000.0,0.0,1000.0,0.0,0.0
National Capital Planning Commission,Agency Overall,2019,8500.0,0.0,8500.0,0.0,0.0
Postal Regulatory Commission,Agency Overall,2019,15000.0,0.0,15000.0,0.0,0.0
Federal Labor Relations Authority,Agency Overall,2020,29430.0,0.0,29430.0,0.0,0.0
Federal Open Market Committee,Agency Overall,2020,75950.0,0.0,75950.0,0.0,0.0
General Services Administration,Agency Overall,2020,902552.64,12370.0,914922.64,44035.2,4.88
Department of Agriculture,Agency Overall,2020,18215873.42,1495322.28,19711195.7,58864.48,0.32
Pension Benefit Guaranty Corporation,Agency Overall,2020,333432.0,0.0,333432.0,704.0,0.21
Federal Energy Regulatory Commission,Agency Overall,2020,543681.0,0.0,543681.0,0.0,0.0
Commodity Futures Trading Commission,Agency Overall,2020,311000.0,189000.0,500000.0,186.22,0.06
Armed Forces Retirement Home,Agency Overall,2020,31030.0,0.0,31030.0,0.0,0.0
Presidio Trust,Agency Overall,2020,14758.0,0.0,14758.0,0.0,0.0
Federal Reserve System,Agency Overall,2020,1609305.6,39867.0,1649172.6,337.4,0.02
Consumer Financial Protection Bureau,Agency Overall,2020,722000.0,61045.0,783045.0,1771.0,0.25
Tennessee Valley Authority,Agency Overall,2020,234889.0,60000.0,294889.0,2440.5,1.04
Federal Financial Institutions Examination Council,Agency Overall,2020,10168.0,0.0,10168.0,0.0,0.0
Morris K. Udall and Stewart L. Udall Foundation,Agency Overall,2020,100.0,0.0,100.0,0.0,0.0
Consumer Product Safety Commission,Agency Overall,2020,500000.0,0.0,500000.0,0.0,0.0
Nuclear Regulatory Commission,Agency Overall,2020,1624157.99,0.0,1624157.99,11442.65,0.7
Inter-American Foundation,Agency Overall,2020,10000.0,0.0,10000.0,0.0,0.0
United States International Boundary and Water Commission,Agency Overall,2020,75000.0,0.0,75000.0,0.0,0.0
Legal Services Corporation,Agency Overall,2020,46627.0,0.0,46627.0,0.0,0.0
National Security Commission on Artificial Intelligence,Agency Overall,2020,333210.0,17275.0,350485.0,0.0,0.0
Department of Justice,Agency Overall,2020,85367913.24,15704167.46,101072080.7,15948.12,0.02
Office of Special Counsel,Agency Overall,2020,582019.23,0.0,582019.23,0.0,0.0
Federal Maritime Commission,Agency Overall,2020,250400.1,0.0,250400.1,0.0,0.0
U.S. Commission for the Preservation of America’s Heritage Abroad,Agency Overall,2020,0.0,0.0,0.0,0.0,0.0
Securities and Exchange Commission,Agency Overall,2020,9700308.0,461496.77,10161804.77,13791.68,0.14
Department of Transportation,Agency Overall,2020,13679774.02,130757.57,13810531.59,262722.2,1.92
Department of the Interior,Agency Overall,2020,17395899.5,4505630.91,21901530.41,30508.34,0.18
United States International Trade Commission,Agency Overall,2020,50500.0,0.0,50500.0,0.0,0.0
Department of Homeland Security,Agency Overall,2020,66991208.8,3955813.57,70947022.37,10493.56,0.02
Federal Retirement Thrift Investment Board,Agency Overall,2020,92091.0,0.0,92091.0,0.0,0.0
Denali Commission,Agency Overall,2020,1000.0,0.0,1000.0,0.0,0.0
National Indian Gaming Commission,Agency Overall,2020,60000.0,0.0,60000.0,1603.75,2.67
National Railroad Passenger Corporation,Agency Overall,2020,50000.0,0.0,50000.0,0.0,0.0
National Archives and Records Administration,Agency Overall,2020,4699368.0,27501.0,4726869.0,150.0,0.0
Department of Education,Agency Overall,2020,8425713.97,402491.53,8828205.5,6179.14,0.07
Office of Navajo and Hopi Indian Relocation,Agency Overall,2020,6250.0,0.0,6250.0,0.0,0.0
Neighborhood Reinvestment Corporation,Agency Overall,2020,97624.0,0.0,97624.0,0.0,0.0
National Capital Planning Commission,Agency Overall,2020,7437.0,0.0,7437.0,0.0,0.0
National Labor Relations Board,Agency Overall,2020,2109869.0,0.0,2109869.0,13134.18,0.62
Department of the Treasury,Agency Overall,2020,15916641.42,1459753.68,17376395.1,118639.91,0.75
U.S. Railroad Retirement Board,Agency Overall,2020,471600.0,0.0,471600.0,79.5,0.02
Commission of Fine Arts,Agency Overall,2020,40.0,0.0,40.0,0.0,0.0
U.S. Commission on Civil Rights,Agency Overall,2020,42000.0,0.0,42000.0,0.0,0.0
United States Access Board,Agency Overall,2020,63752.0,0.0,63752.0,0.0,0.0
Office of the United States Trade Representative,Agency Overall,2020,205000.0,0.0,205000.0,271.0,0.13
Occupational Safety and Health Review Commission,Agency Overall,2020,227085.96,0.0,227085.96,0.0,0.0
Chemical Safety and Hazard Investigation Board,Agency Overall,2020,97827.0,0.0,97827.0,0.0,0.0
Office of the Director of National Intelligence,Agency Overall,2020,1853000.0,137849.0,1990849.0,0.0,0.0
Federal Communications Commission,Agency Overall,2020,3398458.16,45028.26,3443486.42,12432.7,0.37
AmeriCorps,Agency Overall,2020,36310.0,0.0,36310.0,0.0,0.0
Department of Commerce,Agency Overall,2020,7718652.57,230217.83,7948870.4,57998.44,0.75
Office of National Drug Control Policy,Agency Overall,2020,164000.0,0.0,164000.0,0.0,0.0
National Credit Union Administration,Agency Overall,2020,482952.0,5412.0,488364.0,484.5,0.1
United States Copyright Office,Agency Overall,2020,15403.11,0.0,15403.11,0.0,0.0
Council of the Inspectors General on Integrity and Efficiency,Agency Overall,2020,146610.0,8428.0,155038.0,0.0,0.0
Federal Mine Safety and Health Review Commission,Agency Overall,2020,123000.0,0.0,123000.0,445.3,0.36
Committee for Purchase from People Who Are Blind or Severely Disabled,Agency Overall,2020,20875.0,0.0,20875.0,0.0,0.0
United States Trade and Development Agency,Agency Overall,2020,15000.0,0.0,15000.0,0.0,0.0
U.S. International Development Finance Corporation,Agency Overall,2020,162968.0,9780.0,172748.0,1350.0,0.83
United States Postal Service,Agency Overall,2020,1745087.61,103792.26,1848879.87,23282.09,1.33
Small Business Administration,Agency Overall,2020,352186.0,0.0,352186.0,22600.0,6.42
Appraisal Subcommittee,Agency Overall,2020,375.0,0.0,375.0,0.0,0.0
Surface Transportation Board,Agency Overall,2020,35931.25,0.0,35931.25,0.0,0.0
Social Security Administration,Agency Overall,2020,3413163.79,26845.58,3440009.37,198676.76,5.82
Marine Mammal Commission,Agency Overall,2020,3600.0,0.0,3600.0,0.0,0.0
Gulf Coast Ecosystem Restoration Council,Agency Overall,2020,1720.0,0.0,1720.0,0.0,0.0
National Mediation Board,Agency Overall,2020,720000.0,72000.0,792000.0,0.0,0.0
National Transportation Safety Board,Agency Overall,2020,843642.0,0.0,843642.0,0.0,0.0
Office of Government Ethics,Agency Overall,2020,289381.87,32709.24,322091.11,0.0,0.0
Office of Management and Budget,Agency Overall,2020,1090632.0,53300.0,1143932.0,0.0,0.0
Farm Credit Administration,Agency Overall,2020,35000.0,0.0,35000.0,0.0,0.0
National Science Foundation,Agency Overall,2020,368093.64,0.0,368093.64,0.0,0.0
Merit Systems Protection Board,Agency Overall,2020,236379.69,0.0,236379.69,0.0,0.0
United States Institute of Peace,Agency Overall,2020,60000.0,0.0,60000.0,0.0,0.0
Social Security Advisory Board,Agency Overall,2020,100.0,0.0,100.0,0.0,0.0
Council on Environmental Quality,Agency Overall,2020,187378.62,81906.5,269285.12,0.0,0.0
Administrative Conference of the United States,Agency Overall,2020,26776.0,0.0,26776.0,0.0,0.0
Office of Science and Technology Policy,Agency Overall,2020,184024.0,0.0,184024.0,9751.17,5.3
U.S. Election Assistance Commission,Agency Overall,2020,25000.0,0.0,25000.0,0.0,0.0
Millennium Challenge Corporation,Agency Overall,2020,177000.0,0.0,177000.0,0.0,0.0
American Battle Monuments Commission,Agency Overall,2020,14475.0,0.0,14475.0,0.0,0.0
Federal Election Commission,Agency Overall,2020,382295.91,33623.11,415919.02,0.0,0.0
Department of Health and Human Services,Agency Overall,2020,22798827.66,2626549.57,25425377.23,640476.7,2.81
Central Intelligence Agency,Agency Overall,2020,6498687.0,998631.0,7497318.0,447.0,0.01
Selective Service System,Agency Overall,2020,4889.31,0.0,4889.31,0.0,0.0
Defense Nuclear Facilities Safety Board,Agency Overall,2020,45000.0,0.0,45000.0,0.0,0.0
U.S. Interagency Council on Homelessness,Agency Overall,2020,8200.0,0.0,8200.0,0.0,0.0
Federal Trade Commission,Agency Overall,2020,1165879.85,102489.0,1268368.85,10240.8,0.88
United States African Development Foundation,Agency Overall,2020,200.0,0.0,200.0,0.0,0.0
U.S. Nuclear Waste Technical Review Board,Agency Overall,2020,3420.0,0.0,3420.0,0.0,0.0
Department of Energy,Agency Overall,2020,7737209.37,455457.0,8192666.37,4371.91,0.06
Department of Housing and Urban Development,Agency Overall,2020,229743.3,0.0,229743.3,22209.86,9.67
U.S. Agency for International Development,Agency Overall,2020,5404234.93,481180.88,5885415.81,0.0,0.0
Department of Veterans Affairs,Agency Overall,2020,16460303.89,961885.44,17422189.33,41221.03,0.25
U.S. Department of State,Agency Overall,2020,50267354.87,1011236.1,51278590.97,0.0,0.0
Court Services and Offender Supervision Agency,Agency Overall,2020,229109.82,0.0,229109.82,0.0,0.0
Institute of Museum and Library Services,Agency Overall,2020,35383.5,0.0,35383.5,0.0,0.0
National Endowment for the Arts,Agency Overall,2020,87500.0,0.0,87500.0,0.0,0.0
Equal Employment Opportunity Commission,Agency Overall,2020,3956426.4,11200.0,3967626.4,21018.71,0.53
Export-Import Bank of the U.S.,Agency Overall,2020,426579.0,17080.0,443659.0,248.0,0.06
Office of Personnel Management,Agency Overall,2020,1900913.41,17080.0,1917993.41,18800.0,0.99
Department of Labor,Agency Overall,2020,18480941.0,622681.0,19103622.0,171622.0,0.93
Federal Mediation and Conciliation Service,Agency Overall,2020,75000.0,0.0,75000.0,0.0,0.0
Federal Deposit Insurance Corporation,Agency Overall,2020,1582149.0,228501.0,1810650.0,3788.3,0.24
National Aeronautics and Space Administration,Agency Overall,2020,1192748.44,684.96,1193433.4,20257.65,1.7
Advisory Council on Historic Preservation,Agency Overall,2020,8000.0,0.0,8000.0,0.0,0.0
Postal Regulatory Commission,Agency Overall,2020,25000.0,0.0,25000.0,0.0,0.0
James Madison Memorial Fellowship Foundation,Agency Overall,2020,100.0,0.0,100.0,0.0,0.0
Peace Corps,Agency Overall,2020,221858.0,0.0,221858.0,0.0,0.0
Office of the Special Inspector General for Afghanistan Reconstruction,Agency Overall,2020,103690.0,0.0,103690.0,0.0,0.0
Harry S. Truman Scholarship Foundation,Agency Overall,2020,100.0,0.0,100.0,0.0,0.0
Department of Defense,Agency Overall,2020,91509966.81,3973918.78,95483885.59,135607.58,0.15
Environmental Protection Agency,Agency Overall,2020,45230739.84,1999296.0,47230035.84,102578.44,0.23
Federal Housing Finance Agency,Agency Overall,2020,469561.33,0.0,469561.33,0.0,0.0
National Council on Disability,Agency Overall,2020,10000.0,0.0,10000.0,0.0,0.0
Privacy and Civil Liberties Oversight Board,Agency Overall,2020,9800.0,0.0,9800.0,0.0,0.0
U.S. Agency for Global Media,Agency Overall,2020,160000.0,10000.0,170000.0,0.0,0.0
Farm Credit System Insurance Corporation,Agency Overall,2020,1200.0,0.0,1200.0,244.64,20.39
National Endowment for the Humanities,Agency Overall,2020,60000.0,0.0,60000.0,0.0,0.0
National Council on Disability,Agency Overall,2021,9300.0,0.0,9300.0,0.0,0.0
United States Copyright Office,Agency Overall,2021,35880.69,0.0,35880.69,0.0,0.0
Federal Financial Institutions Examination Council,Agency Overall,2021,17824.0,0.0,17824.0,0.0,0.0
National Credit Union Administration,Agency Overall,2021,414050.0,0.0,414050.0,877.5,0.21
Pension Benefit Guaranty Corporation,Agency Overall,2021,468108.0,0.0,468108.0,412.0,0.09
Commission of Fine Arts,Agency Overall,2021,50.0,0.0,50.0,0.0,0.0
United States African Development Foundation,Agency Overall,2021,50.0,0.0,50.0,0.0,0.0
Consumer Product Safety Commission,Agency Overall,2021,5557.09,23300.0,28857.09,2182.09,39.27
Council on Environmental Quality,Agency Overall,2021,420652.0,51917.0,472569.0,0.0,0.0
Council of the Inspectors General on Integrity and Efficiency,Agency Overall,2021,406300.0,46133.78,452433.78,0.0,0.0
Harry S. Truman Scholarship Foundation,Agency Overall,2021,25.0,0.0,25.0,0.0,0.0
AmeriCorps,Agency Overall,2021,37246.0,0.0,37246.0,0.0,0.0
Advisory Council on Historic Preservation,Agency Overall,2021,5000.0,0.0,5000.0,0.0,0.0
Federal Mediation and Conciliation Service,Agency Overall,2021,43750.0,0.0,43750.0,0.0,0.0
U.S. Agency for Global Media,Agency Overall,2021,190000.0,0.0,190000.0,0.0,0.0
Office of the United States Trade Representative,Agency Overall,2021,205000.0,200.0,205200.0,0.0,0.0
Social Security Advisory Board,Agency Overall,2021,150.0,0.0,150.0,0.0,0.0
National Endowment for the Humanities,Agency Overall,2021,60000.0,0.0,60000.0,0.0,0.0
Marine Mammal Commission,Agency Overall,2021,760.0,0.0,760.0,0.0,0.0
Administrative Conference of the United States,Agency Overall,2021,11048.0,0.0,11048.0,0.0,0.0
Legal Services Corporation,Agency Overall,2021,46627.0,0.0,46627.0,0.0,0.0
Surface Transportation Board,Agency Overall,2021,11739.37,0.0,11739.37,0.0,0.0
Department of the Interior,Agency Overall,2021,16691054.77,3693669.2,20384723.97,5185.25,0.03
Office of Special Counsel,Agency Overall,2021,582019.23,0.0,582019.23,0.0,0.0
Office of Science and Technology Policy,Agency Overall,2021,184024.0,0.0,184024.0,2765.7,1.5
Federal Energy Regulatory Commission,Agency Overall,2021,527058.0,0.0,527058.0,0.0,0.0
Armed Forces Retirement Home,Agency Overall,2021,31030.0,0.0,31030.0,0.0,0.0
U.S. Agency for International Development,Agency Overall,2021,5814247.72,659595.03,6473842.75,0.0,0.0
Department of Education,Agency Overall,2021,9507334.78,241223.65,9748558.43,6102.63,0.06
Department of Health and Human Services,Agency Overall,2021,23322008.15,2759071.59,26081079.74,638129.75,2.74
Department of Housing and Urban Development,Agency Overall,2021,100535.39,0.0,100535.39,10391.58,10.34
Federal Mine Safety and Health Review Commission,Agency Overall,2021,125000.0,0.0,125000.0,305.0,0.24
U.S. Interagency Council on Homelessness,Agency Overall,2021,100.0,0.0,100.0,0.0,0.0
United States International Boundary and Water Commission,Agency Overall,2021,20000.0,0.0,20000.0,120.0,0.6
Gulf Coast Ecosystem Restoration Council,Agency Overall,2021,1720.0,0.0,1720.0,0.0,0.0
U.S. Commission on Civil Rights,Agency Overall,2021,200000.0,0.0,200000.0,0.0,0.0
Committee for Purchase from People Who Are Blind or Severely Disabled,Agency Overall,2021,20875.0,0.0,20875.0,0.0,0.0
Institute of Museum and Library Services,Agency Overall,2021,35383.5,0.0,35383.5,0.0,0.0
Federal Retirement Thrift Investment Board,Agency Overall,2021,98827.0,0.0,98827.0,0.0,0.0
Equal Employment Opportunity Commission,Agency Overall,2021,4054664.41,4200.0,4058864.41,6660.54,0.16
U.S. Commission for the Preservation of America’s Heritage Abroad,Agency Overall,2021,0.01,0.0,0.01,0.0,0.0
Millennium Challenge Corporation,Agency Overall,2021,177000.0,0.0,177000.0,0.0,0.0
James Madison Memorial Fellowship Foundation,Agency Overall,2021,472.0,0.0,472.0,0.0,0.0
Office of the Special Inspector General for Afghanistan Reconstruction,Agency Overall,2021,20000.0,20000.0,40000.0,0.0,0.0
Department of Justice,Agency Overall,2021,80619339.84,17111703.82,97731043.66,24032.54,0.03
Office of the Director of National Intelligence,Agency Overall,2021,1942000.0,142859.0,2084859.0,0.0,0.0
Selective Service System,Agency Overall,2021,4938.2,0.0,4938.2,0.0,0.0
Federal Open Market Committee,Agency Overall,2021,132462.0,0.0,132462.0,0.0,0.0
General Services Administration,Agency Overall,2021,989150.91,750.0,989900.91,32981.0,3.33
National Endowment for the Arts,Agency Overall,2021,87500.0,0.0,87500.0,0.0,0.0
Federal Labor Relations Authority,Agency Overall,2021,24767.0,0.0,24767.0,0.0,0.0
U.S. Department of State,Agency Overall,2021,26961166.5,1043742.0,28004908.5,0.0,0.0
National Aeronautics and Space Administration,Agency Overall,2021,1245805.27,3844.84,1249650.11,9560.22,0.77
Denali Commission,Agency Overall,2021,170000.0,0.0,170000.0,0.0,0.0
U.S. Election Assistance Commission,Agency Overall,2021,156100.0,8000.0,164100.0,0.0,0.0
U.S. Railroad Retirement Board,Agency Overall,2021,471600.0,0.0,471600.0,423.0,0.09
Social Security Administration,Agency Overall,2021,3794033.15,44995.97,3839029.12,498866.29,13.15
Central Intelligence Agency,Agency Overall,2021,5169493.0,1033078.0,6202571.0,330.6,0.01
United States Postal Service,Agency Overall,2021,2049142.75,11550.97,2060693.72,13231.0,0.65
National Labor Relations Board,Agency Overall,2021,2227801.32,0.0,2227801.32,16810.12,0.75
Privacy and Civil Liberties Oversight Board,Agency Overall,2021,93683.2,0.0,93683.2,0.0,0.0
U.S. International Development Finance Corporation,Agency Overall,2021,162958.0,9900.0,172858.0,0.0,0.0
Farm Credit Administration,Agency Overall,2021,26000.0,0.0,26000.0,0.0,0.0
Department of Veterans Affairs,Agency Overall,2021,6236496.17,0.0,6236496.17,96467.85,1.55
Farm Credit System Insurance Corporation,Agency Overall,2021,26000.0,0.0,26000.0,0.0,0.0
United States International Trade Commission,Agency Overall,2021,57500.0,0.0,57500.0,0.0,0.0
National Capital Planning Commission,Agency Overall,2021,7400.0,0.0,7400.0,0.0,0.0
Office of Government Ethics,Agency Overall,2021,344390.08,0.0,344390.08,0.0,0.0
National Railroad Passenger Corporation,Agency Overall,2021,200000.0,0.0,200000.0,0.0,0.0
Appraisal Subcommittee,Agency Overall,2021,3355.0,0.0,3355.0,0.0,0.0
Department of Energy,Agency Overall,2021,7640462.82,351365.08,7991827.9,4555.82,0.06
Occupational Safety and Health Review Commission,Agency Overall,2021,235023.21,0.0,235023.21,0.0,0.0
Inter-American Foundation,Agency Overall,2021,10000.0,0.0,10000.0,0.0,0.0
Court Services and Offender Supervision Agency,Agency Overall,2021,204091.0,0.0,204091.0,0.0,0.0
Federal Housing Finance Agency,Agency Overall,2021,432940.87,0.0,432940.87,11386.68,2.63
Office of Personnel Management,Agency Overall,2021,837201.73,27200.0,864401.73,15943.23,1.9
Postal Regulatory Commission,Agency Overall,2021,25000.0,0.0,25000.0,548.27,2.19
Department of Transportation,Agency Overall,2021,16287824.68,120466.0,16408290.68,189964.77,1.17
Presidio Trust,Agency Overall,2021,37300.0,0.0,37300.0,727.0,1.95
Environmental Protection Agency,Agency Overall,2021,36745363.2,1728168.0,38473531.2,36921.02,0.1
National Mediation Board,Agency Overall,2021,72000.0,0.0,72000.0,0.0,0.0
American Battle Monuments Commission,Agency Overall,2021,15750.0,0.0,15750.0,0.0,0.0
National Transportation Safety Board,Agency Overall,2021,507953.4,0.0,507953.4,0.0,0.0
Federal Deposit Insurance Corporation,Agency Overall,2021,2407670.0,35800.6,2443470.6,4161.1,0.17
Federal Communications Commission,Agency Overall,2021,3022166.61,28921.76,3051088.37,13060.16,0.43
Small Business Administration,Agency Overall,2021,2504320.0,0.0,2504320.0,76700.0,3.06
Department of Commerce,Agency Overall,2021,8446439.0,48000.0,8494439.0,12389.03,0.15
Office of National Drug Control Policy,Agency Overall,2021,164000.0,0.0,164000.0,0.0,0.0
Consumer Financial Protection Bureau,Agency Overall,2021,814771.0,37424.0,852195.0,1426.77,0.18
Peace Corps,Agency Overall,2021,396900.0,0.0,396900.0,0.0,0.0
Office of Navajo and Hopi Indian Relocation,Agency Overall,2021,15000.0,0.0,15000.0,0.0,0.0
National Science Foundation,Agency Overall,2021,407606.95,0.0,407606.95,0.0,0.0
Department of Agriculture,Agency Overall,2021,20235770.74,1648324.91,21884095.65,14382.81,0.07
Department of Labor,Agency Overall,2021,17843473.0,604422.0,18447895.0,112726.4,0.63
Commodity Futures Trading Commission,Agency Overall,2021,388812.03,0.0,388812.03,0.0,0.0
United States Institute of Peace,Agency Overall,2021,60000.0,0.0,60000.0,0.0,0.0
Department of the Treasury,Agency Overall,2021,14699222.97,1484983.67,16184206.64,66262.36,0.45
Chemical Safety and Hazard Investigation Board,Agency Overall,2021,72331.0,4927.0,77258.0,0.0,0.0
Nuclear Regulatory Commission,Agency Overall,2021,1980283.15,0.0,1980283.15,14513.51,0.73
Federal Maritime Commission,Agency Overall,2021,268744.87,0.0,268744.87,0.0,0.0
Neighborhood Reinvestment Corporation,Agency Overall,2021,32541.0,0.0,32541.0,0.0,0.0
Merit Systems Protection Board,Agency Overall,2021,231392.35,0.0,231392.35,0.0,0.0
National Archives and Records Administration,Agency Overall,2021,1202320.0,0.0,1202320.0,0.0,0.0
Securities and Exchange Commission,Agency Overall,2021,9273658.67,199884.0,9473542.67,7711.01,0.08
Federal Reserve System,Agency Overall,2021,1457077.0,138653.0,1595730.0,337.4,0.02
Federal Election Commission,Agency Overall,2021,300611.82,0.0,300611.82,0.0,0.0
Office of Management and Budget,Agency Overall,2021,848269.0,219431.0,1067700.0,0.0,0.0
United States Trade and Development Agency,Agency Overall,2021,20000.0,0.0,20000.0,0.0,0.0
U.S. Nuclear Waste Technical Review Board,Agency Overall,2021,3420.0,0.0,3420.0,0.0,0.0
United States Access Board,Agency Overall,2021,63752.0,0.0,63752.0,0.0,0.0
Federal Trade Commission,Agency Overall,2021,1123844.2,166155.0,1289999.2,8951.6,0.8
National Indian Gaming Commission,Agency Overall,2021,60000.0,0.0,60000.0,374.0,0.62
Morris K. Udall and Stewart L. Udall Foundation,Agency Overall,2021,0.0,100.0,100.0,0.0,0.0
Department of Defense,Agency Overall,2021,102525538.4,2736977.06,105262515.46,115454.9,0.11
Tennessee Valley Authority,Agency Overall,2021,244823.0,0.0,244823.0,745.9,0.3
Export-Import Bank of the U.S.,Agency Overall,2021,590672.85,34500.0,625172.85,0.0,0.0
Department of Homeland Security,Agency Overall,2021,70896089.78,2005475.6,72901565.38,19155.46,0.03
Defense Nuclear Facilities Safety Board,Agency Overall,2021,50000.0,0.0,50000.0,0.0,0.0
Department of Veterans Affairs,Agency Overall,2022,8434370.53,11870.3,8446240.83,104507.55,1.24
Central Intelligence Agency,Agency Overall,2022,4024601.02,815061.6,4839662.62,30.0,0.0
Commission of Fine Arts,Agency Overall,2022,50.0,0.0,50.0,0.0,0.0
National Science Foundation,Agency Overall,2022,440583.97,10000.0,450583.97,0.0,0.0
Department of Justice,Agency Overall,2022,82967226.76,16752848.9,99720075.66,33993.98,0.04
Federal Maritime Commission,Agency Overall,2022,386174.8,0.0,386174.8,0.0,0.0
Advisory Council on Historic Preservation,Agency Overall,2022,5000.0,0.0,5000.0,0.0,0.0
General Services Administration,Agency Overall,2022,2032695.0,209067.0,2241762.0,62892.2,3.09
Occupational Safety and Health Review Commission,Agency Overall,2022,243268.16,0.0,243268.16,250.0,0.1
Federal Retirement Thrift Investment Board,Agency Overall,2022,101813.0,0.0,101813.0,0.0,0.0
Office of Science and Technology Policy,Agency Overall,2022,710930.0,0.0,710930.0,0.0,0.0
United States Trade and Development Agency,Agency Overall,2022,20000.0,0.0,20000.0,0.0,0.0
National Aeronautics and Space Administration,Agency Overall,2022,1421306.75,0.0,1421306.75,19484.64,1.37
Court Services and Offender Supervision Agency,Agency Overall,2022,279895.0,0.0,279895.0,224.0,0.08
Federal Mediation and Conciliation Service,Agency Overall,2022,52883.92,0.0,52883.92,198.94,0.38
Marine Mammal Commission,Agency Overall,2022,3500.0,0.0,3500.0,0.0,0.0
Appraisal Subcommittee,Agency Overall,2022,1837.14,0.0,1837.14,0.0,0.0
U.S. Nuclear Waste Technical Review Board,Agency Overall,2022,3520.0,0.0,3520.0,0.0,0.0
Office of Management and Budget,Agency Overall,2022,1066281.56,131854.35,1198135.91,0.0,0.0
Morris K. Udall and Stewart L. Udall Foundation,Agency Overall,2022,2820.0,0.0,2820.0,0.0,0.0
Chemical Safety and Hazard Investigation Board,Agency Overall,2022,72331.0,3200.0,75531.0,0.0,0.0
Federal Housing Finance Agency,Agency Overall,2022,481871.9,0.0,481871.9,0.0,0.0
United States Postal Service,Agency Overall,2022,1923107.54,30216.45,1953323.99,34348.87,1.79
Department of the Interior,Agency Overall,2022,16992715.87,1586956.39,18579672.26,5264.5,0.03
Tennessee Valley Authority,Agency Overall,2022,248542.8,0.0,248542.8,1740.0,0.7
Harry S. Truman Scholarship Foundation,Agency Overall,2022,5.0,0.0,5.0,0.0,0.0
Millennium Challenge Corporation,Agency Overall,2022,177000.0,0.0,177000.0,0.0,0.0
Privacy and Civil Liberties Oversight Board,Agency Overall,2022,93683.2,0.0,93683.2,0.0,0.0
Presidio Trust,Agency Overall,2022,3895.0,0.0,3895.0,0.0,0.0
Export-Import Bank of the U.S.,Agency Overall,2022,719343.7,0.0,719343.7,520.0,0.07
Committee for Purchase from People Who Are Blind or Severely Disabled,Agency Overall,2022,20875.0,0.0,20875.0,0.0,0.0
U.S. Department of State,Agency Overall,2022,37900909.93,1563790.0,39464699.93,0.0,0.0
Farm Credit Administration,Agency Overall,2022,25000.0,0.0,25000.0,0.0,0.0
U.S. Commission on Civil Rights,Agency Overall,2022,50643.0,0.0,50643.0,0.0,0.0
Social Security Administration,Agency Overall,2022,2700002.19,21575.49,2721577.68,186212.0,6.9
National Indian Gaming Commission,Agency Overall,2022,80000.0,0.0,80000.0,1491.5,1.86
United States African Development Foundation,Agency Overall,2022,50.0,0.0,50.0,0.0,0.0
National Credit Union Administration,Agency Overall,2022,447333.0,0.0,447333.0,1344.5,0.3
AmeriCorps,Agency Overall,2022,19400.0,0.0,19400.0,0.0,0.0
U.S. Election Assistance Commission,Agency Overall,2022,39200.0,3675.0,42875.0,0.0,0.0
Federal Deposit Insurance Corporation,Agency Overall,2022,2359999.0,21370.64,2381369.64,8341.5,0.35
Office of National Drug Control Policy,Agency Overall,2022,164000.0,0.0,164000.0,77.0,0.05
Office of Navajo and Hopi Indian Relocation,Agency Overall,2022,15000.0,0.0,15000.0,0.0,0.0
Council on Environmental Quality,Agency Overall,2022,435182.8,0.0,435182.8,0.0,0.0
Merit Systems Protection Board,Agency Overall,2022,227706.0,0.0,227706.0,0.0,0.0
Office of Special Counsel,Agency Overall,2022,777165.76,0.0,777165.76,0.0,0.0
Office of the Special Inspector General for Afghanistan Reconstruction,Agency Overall,2022,30000.0,0.0,30000.0,0.0,0.0
Peace Corps,Agency Overall,2022,396900.0,0.0,396900.0,0.0,0.0
Council of the Inspectors General on Integrity and Efficiency,Agency Overall,2022,211300.0,17060.0,228360.0,0.0,0.0
Gulf Coast Ecosystem Restoration Council,Agency Overall,2022,2100.0,0.0,2100.0,0.0,0.0
Federal Trade Commission,Agency Overall,2022,1341242.35,348178.8,1689421.15,25400.88,1.89
Department of Labor,Agency Overall,2022,17556314.0,765756.0,18322070.0,162779.5,0.93
Federal Communications Commission,Agency Overall,2022,3013793.88,19692.56,3033486.44,14856.55,0.49
James Madison Memorial Fellowship Foundation,Agency Overall,2022,102.0,0.0,102.0,0.0,0.0
Nuclear Regulatory Commission,Agency Overall,2022,1850072.58,0.0,1850072.58,11734.27,0.63
U.S. Interagency Council on Homelessness,Agency Overall,2022,150.0,0.0,150.0,0.0,0.0
United States International Trade Commission,Agency Overall,2022,63257.0,0.0,63257.0,390.0,0.62
Institute of Museum and Library Services,Agency Overall,2022,53572.0,0.0,53572.0,0.0,0.0
National Labor Relations Board,Agency Overall,2022,2188218.0,119288.0,2307506.0,35353.5,1.62
Denali Commission,Agency Overall,2022,100.0,0.0,100.0,0.0,0.0
Federal Reserve System,Agency Overall,2022,1561858.0,156996.0,1718854.0,1186.5,0.08
Inter-American Foundation,Agency Overall,2022,10000.0,0.0,10000.0,0.0,0.0
Neighborhood Reinvestment Corporation,Agency Overall,2022,32541.0,0.0,32541.0,0.0,0.0
National Transportation Safety Board,Agency Overall,2022,698446.74,8886.25,707332.99,0.0,0.0
Federal Financial Institutions Examination Council,Agency Overall,2022,18715.0,0.0,18715.0,0.0,0.0
National Archives and Records Administration,Agency Overall,2022,1540000.0,0.0,1540000.0,0.0,0.0
Selective Service System,Agency Overall,2022,5087.33,0.0,5087.33,0.0,0.0
United States Copyright Office,Agency Overall,2022,56072.01,0.0,56072.01,0.0,0.0
Department of Transportation,Agency Overall,2022,14969986.0,188280.0,15158266.0,229876.55,1.54
Office of the Director of National Intelligence,Agency Overall,2022,2005190.0,202800.0,2207990.0,0.0,0.0
Social Security Advisory Board,Agency Overall,2022,150.0,0.0,150.0,0.0,0.0
National Capital Planning Commission,Agency Overall,2022,8000.0,0.0,8000.0,0.0,0.0
Pension Benefit Guaranty Corporation,Agency Overall,2022,399360.0,0.0,399360.0,2104.0,0.53
Department of Agriculture,Agency Overall,2022,20431795.0,1180913.0,21612708.0,39175.0,0.19
Farm Credit System Insurance Corporation,Agency Overall,2022,25000.0,0.0,25000.0,0.0,0.0
Department of Housing and Urban Development,Agency Overall,2022,6976098.93,196000.0,7172098.93,12372.56,0.18
Department of Energy,Agency Overall,2022,8089784.27,436213.98,8525998.25,4824.41,0.06
Department of Health and Human Services,Agency Overall,2022,29008736.17,4510092.89,33518829.06,717119.46,2.47
Office of Personnel Management,Agency Overall,2022,1030280.0,0.0,1030280.0,7699.0,0.75
Defense Nuclear Facilities Safety Board,Agency Overall,2022,50000.0,0.0,50000.0,0.0,0.0
National Council on Disability,Agency Overall,2022,10000.0,0.0,10000.0,0.0,0.0
Small Business Administration,Agency Overall,2022,1073280.0,76000.0,1149280.0,11600.0,1.08
Armed Forces Retirement Home,Agency Overall,2022,31030.0,0.0,31030.0,0.0,0.0
Office of the United States Trade Representative,Agency Overall,2022,190000.0,200.0,190200.0,0.0,0.0
Consumer Product Safety Commission,Agency Overall,2022,18216.0,0.0,18216.0,2335.0,12.82
Department of Defense,Agency Overall,2022,94021651.92,4582413.0,98604064.92,108275.48,0.12
Federal Election Commission,Agency Overall,2022,300611.0,300611.0,601222.0,0.0,0.0
Equal Employment Opportunity Commission,Agency Overall,2022,3972579.72,2000.0,3974579.72,10252.02,0.26
Federal Open Market Committee,Agency Overall,2022,120143.0,0.0,120143.0,0.0,0.0
Environmental Protection Agency,Agency Overall,2022,34818202.0,981056.0,35799258.0,197135.75,0.57
U.S. Railroad Retirement Board,Agency Overall,2022,471600.0,0.0,471600.0,108.0,0.02
Administrative Conference of the United States,Agency Overall,2022,22620.0,0.0,22620.0,0.0,0.0
Commodity Futures Trading Commission,Agency Overall,2022,483975.39,27624.95,511600.34,0.0,0.0
U.S. Commission for the Preservation of America’s Heritage Abroad,Agency Overall,2022,150.0,0.0,150.0,0.0,0.0
Postal Regulatory Commission,Agency Overall,2022,25000.0,0.0,25000.0,0.0,0.0
United States Access Board,Agency Overall,2022,29454.0,0.0,29454.0,0.0,0.0
Department of Education,Agency Overall,2022,8610355.3,167575.0,8777930.3,19515.84,0.23
Federal Permitting Improvement Steering Council,Agency Overall,2022,85000.0,0.0,85000.0,0.0,0.0
National Mediation Board,Agency Overall,2022,78000.0,0.0,78000.0,0.0,0.0
U.S. International Development Finance Corporation,Agency Overall,2022,162958.0,9900.0,172858.0,187.5,0.12
United States Institute of Peace,Agency Overall,2022,11000.0,0.0,11000.0,0.0,0.0
Securities and Exchange Commission,Agency Overall,2022,7177875.0,317456.3,7495331.3,5201.25,0.07
American Battle Monuments Commission,Agency Overall,2022,15750.0,0.0,15750.0,0.0,0.0
United States International Boundary and Water Commission,Agency Overall,2022,80000.0,0.0,80000.0,0.0,0.0
National Endowment for the Humanities,Agency Overall,2022,60000.0,0.0,60000.0,0.0,0.0
Federal Energy Regulatory Commission,Agency Overall,2022,719738.0,0.0,719738.0,0.0,0.0
Legal Services Corporation,Agency Overall,2022,46627.0,0.0,46627.0,0.0,0.0
Consumer Financial Protection Bureau,Agency Overall,2022,4395953.53,0.0,4395953.53,0.0,0.0
Department of Commerce,Agency Overall,2022,7834599.44,394472.57,8229072.01,54907.44,0.7
U.S. Agency for International Development,Agency Overall,2022,5061207.99,410110.48,5471318.47,0.0,0.0
Surface Transportation Board,Agency Overall,2022,25878.68,0.0,25878.68,0.0,0.0
Department of the Treasury,Agency Overall,2022,15944363.64,1811491.11,17755854.75,42130.72,0.26
National Endowment for the Arts,Agency Overall,2022,90000.0,0.0,90000.0,0.0,0.0
Department of Homeland Security,Agency Overall,2022,75245632.45,2565679.38,77811311.83,14913.0,0.02
Office of the Intellectual Property Enforcement Coordinator,Agency Overall,2022,1155.0,0.0,1155.0,0.0,0.0
Office of Government Ethics,Agency Overall,2022,352774.26,0.0,352774.26,0.0,0.0
Federal Mine Safety and Health Review Commission,Agency Overall,2022,128750.0,0.0,128750.0,290.0,0.23
National Railroad Passenger Corporation,Agency Overall,2022,12228.0,0.0,12228.0,0.0,0.0
Federal Labor Relations Authority,Agency Overall,2022,78170.0,0.0,78170.0,0.0,0.0
Federal Reserve System,Agency Overall,2023,1420855.9,232902.5,1653758.4,560.05,0.04
Federal Mediation and Conciliation Service,Agency Overall,2023,73589.63,0.0,73589.63,0.0,0.0
Commodity Futures Trading Commission,Agency Overall,2023,456641.54,0.0,456641.54,999.99,0.22
Consumer Product Safety Commission,Agency Overall,2023,617439.0,0.0,617439.0,2604.29,0.42
Administrative Conference of the United States,Agency Overall,2023,36792.0,0.0,36792.0,0.0,0.0
Farm Credit Administration,Agency Overall,2023,40000.0,100.0,40100.0,0.0,0.0
Nuclear Regulatory Commission,Agency Overall,2023,2103836.39,0.0,2103836.39,420.38,0.02
National Transportation Safety Board,Agency Overall,2023,901270.21,0.0,901270.21,0.0,0.0
Department of Veterans Affairs,Agency Overall,2023,4950790.53,100183.79,5050974.32,198013.65,4.0
Department of Homeland Security,Agency Overall,2023,89820469.75,2755773.62,92576243.37,37174.0,0.04
Office of Management and Budget,Agency Overall,2023,1504956.58,35750.0,1540706.58,0.0,0.0
Social Security Administration,Agency Overall,2023,2430354.93,28245.75,2458600.68,200051.25,8.23
U.S. Election Assistance Commission,Agency Overall,2023,23660.0,3675.0,27335.0,0.0,0.0
Office of Personnel Management,Agency Overall,2023,1083747.0,0.0,1083747.0,7149.69,0.66
National Indian Gaming Commission,Agency Overall,2023,150000.0,0.0,150000.0,3804.5,2.54
Office of the Special Inspector General for Afghanistan Reconstruction,Agency Overall,2023,35000.0,0.0,35000.0,0.0,0.0
Peace Corps,Agency Overall,2023,540803.0,0.0,540803.0,0.0,0.0
Court Services and Offender Supervision Agency,Agency Overall,2023,307091.0,0.0,307091.0,0.0,0.0
Office of National Drug Control Policy,Agency Overall,2023,134905.0,0.0,134905.0,0.0,0.0
Department of Energy,Agency Overall,2023,7874874.22,666562.34,8541436.56,5454.52,0.07
National Endowment for the Humanities,Agency Overall,2023,27000.0,0.0,27000.0,0.0,0.0
National Railroad Passenger Corporation,Agency Overall,2023,130000.0,10000.0,140000.0,0.0,0.0
Occupational Safety and Health Review Commission,Agency Overall,2023,289814.1,0.0,289814.1,727.95,0.25
Committee for Purchase from People Who Are Blind or Severely Disabled,Agency Overall,2023,20875.0,0.0,20875.0,0.0,0.0
Institute of Museum and Library Services,Agency Overall,2023,51000.0,0.0,51000.0,0.0,0.0
National Science Foundation,Agency Overall,2023,367072.5,60851.0,427923.5,0.0,0.0
Department of Commerce,Agency Overall,2023,9250149.94,766601.42,10016751.36,24869.03,0.27
Department of Defense,Agency Overall,2023,85615756.72,4451297.93,90067054.65,171801.04,0.2
Morris K. Udall and Stewart L. Udall Foundation,Agency Overall,2023,4675.11,0.0,4675.11,0.0,0.0
Department of the Interior,Agency Overall,2023,17354378.02,794239.81,18148617.83,2222.25,0.01
National Archives and Records Administration,Agency Overall,2023,1632400.0,56000.0,1688400.0,0.0,0.0
Department of Labor,Agency Overall,2023,20255548.0,802964.0,21058512.0,181116.24,0.89
U.S. Interagency Council on Homelessness,Agency Overall,2023,100.0,0.0,100.0,0.0,0.0
Office of Navajo and Hopi Indian Relocation,Agency Overall,2023,500.0,0.0,500.0,0.0,0.0
Office of Science and Technology Policy,Agency Overall,2023,710930.0,3000.0,713930.0,0.0,0.0
Advisory Council on Historic Preservation,Agency Overall,2023,5000.0,0.0,5000.0,0.0,0.0
U.S. International Development Finance Corporation,Agency Overall,2023,162958.0,9900.0,172858.0,0.0,0.0
Office of Special Counsel,Agency Overall,2023,1016000.0,382000.0,1398000.0,0.0,0.0
Federal Open Market Committee,Agency Overall,2023,101489.0,0.0,101489.0,0.0,0.0
Department of Agriculture,Agency Overall,2023,20678324.21,1834752.93,22513077.14,13859.26,0.07
Environmental Protection Agency,Agency Overall,2023,36121333.0,942874.0,37064207.0,253030.5,0.7
Millennium Challenge Corporation,Agency Overall,2023,177000.0,0.0,177000.0,0.0,0.0
Appraisal Subcommittee,Agency Overall,2023,5004.72,0.0,5004.72,0.0,0.0
Federal Maritime Commission,Agency Overall,2023,266619.54,0.0,266619.54,0.0,0.0
Farm Credit System Insurance Corporation,Agency Overall,2023,30000.0,0.0,30000.0,0.0,0.0
General Services Administration,Agency Overall,2023,1353331.27,174000.0,1527331.27,46391.2,3.43
Federal Financial Institutions Examination Council,Agency Overall,2023,19528.7,0.0,19528.7,0.0,0.0
Defense Nuclear Facilities Safety Board,Agency Overall,2023,50000.0,0.0,50000.0,0.0,0.0
Neighborhood Reinvestment Corporation,Agency Overall,2023,43732.0,0.0,43732.0,0.0,0.0
Inter-American Foundation,Agency Overall,2023,15000.0,0.0,15000.0,0.0,0.0
Export-Import Bank of the U.S.,Agency Overall,2023,649583.9,0.0,649583.9,285.0,0.04
Office of the United States Trade Representative,Agency Overall,2023,161000.0,0.0,161000.0,0.0,0.0
Central Intelligence Agency,Agency Overall,2023,5336596.16,1570163.72,6906759.88,40.0,0.0
U.S. Department of State,Agency Overall,2023,64673083.0,521358.29,65194441.29,0.0,0.0
Federal Election Commission,Agency Overall,2023,300611.0,300611.0,601222.0,0.0,0.0
United States Trade and Development Agency,Agency Overall,2023,20000.0,0.0,20000.0,0.0,0.0
Merit Systems Protection Board,Agency Overall,2023,219132.0,0.0,219132.0,0.0,0.0
U.S. Nuclear Waste Technical Review Board,Agency Overall,2023,3520.0,0.0,3520.0,0.0,0.0
Federal Retirement Thrift Investment Board,Agency Overall,2023,109899.0,0.0,109899.0,0.0,0.0
Legal Services Corporation,Agency Overall,2023,46627.0,0.0,46627.0,0.0,0.0
AmeriCorps,Agency Overall,2023,19982.0,0.0,19982.0,415.0,2.08
United States Postal Service,Agency Overall,2023,1449741.0,20000.0,1469741.0,16082.9,1.11
Chemical Safety and Hazard Investigation Board,Agency Overall,2023,114939.58,0.0,114939.58,0.0,0.0
Privacy and Civil Liberties Oversight Board,Agency Overall,2023,86050.0,0.0,86050.0,0.0,0.0
National Credit Union Administration,Agency Overall,2023,381316.0,0.0,381316.0,2222.5,0.58
National Council on Disability,Agency Overall,2023,21000.0,0.0,21000.0,0.0,0.0
Council on Environmental Quality,Agency Overall,2023,498639.6,0.0,498639.6,0.0,0.0
Federal Permitting Improvement Steering Council,Agency Overall,2023,174461.0,0.0,174461.0,0.0,0.0
Surface Transportation Board,Agency Overall,2023,16801.22,0.0,16801.22,375.0,2.23
Social Security Advisory Board,Agency Overall,2023,500.0,0.0,500.0,0.0,0.0
Selective Service System,Agency Overall,2023,5334.57,0.0,5334.57,0.0,0.0
American Battle Monuments Commission,Agency Overall,2023,15750.0,0.0,15750.0,0.0,0.0
U.S. Commission for the Preservation of America’s Heritage Abroad,Agency Overall,2023,150.0,0.0,150.0,0.0,0.0
United States Institute of Peace,Agency Overall,2023,11000.0,0.0,11000.0,0.0,0.0
United States International Boundary and Water Commission,Agency Overall,2023,30000.0,0.0,30000.0,0.0,0.0
United States Copyright Office,Agency Overall,2023,18336.33,0.0,18336.33,0.0,0.0
U.S. Railroad Retirement Board,Agency Overall,2023,471600.0,0.0,471600.0,0.0,0.0
National Labor Relations Board,Agency Overall,2023,2490384.0,267061.0,2757445.0,35687.0,1.43
National Capital Planning Commission,Agency Overall,2023,3494.0,0.0,3494.0,0.0,0.0
U.S. Commission on Civil Rights,Agency Overall,2023,64957.0,0.0,64957.0,0.0,0.0
Federal Deposit Insurance Corporation,Agency Overall,2023,2380266.0,98239.0,2478505.0,7223.75,0.3
United States International Trade Commission,Agency Overall,2023,1133.3,0.0,1133.3,0.0,0.0
Equal Employment Opportunity Commission,Agency Overall,2023,4179059.38,6000.0,4185059.38,4565.0,0.11
Department of Transportation,Agency Overall,2023,17953431.0,718964.0,18672395.0,193738.85,1.08
Department of Justice,Agency Overall,2023,93326841.79,18663738.58,111990580.37,45944.81,0.05
National Aeronautics and Space Administration,Agency Overall,2023,1473080.75,2700.0,1475780.75,7655.58,0.52
United States African Development Foundation,Agency Overall,2023,50.0,0.0,50.0,0.0,0.0
Denali Commission,Agency Overall,2023,100.0,0.0,100.0,0.0,0.0
Pension Benefit Guaranty Corporation,Agency Overall,2023,1718097.0,0.0,1718097.0,3078.0,0.18
Postal Regulatory Commission,Agency Overall,2023,37500.0,0.0,37500.0,0.0,0.0
National Mediation Board,Agency Overall,2023,78000.0,0.0,78000.0,0.0,0.0
U.S. Agency for International Development,Agency Overall,2023,5567373.1,525262.99,6092636.09,0.0,0.0
Department of Health and Human Services,Agency Overall,2023,32234029.62,7466570.95,39700600.57,784187.48,2.43
Harry S. Truman Scholarship Foundation,Agency Overall,2023,25.0,0.0,25.0,0.0,0.0
Gulf Coast Ecosystem Restoration Council,Agency Overall,2023,2900.0,0.0,2900.0,0.0,0.0
Federal Mine Safety and Health Review Commission,Agency Overall,2023,132612.5,0.0,132612.5,362.5,0.27
Department of Education,Agency Overall,2023,8723640.16,73833.34,8797473.5,74.98,0.0
Council of the Inspectors General on Integrity and Efficiency,Agency Overall,2023,231158.76,45236.1,276394.86,0.0,0.0
Department of Housing and Urban Development,Agency Overall,2023,6614850.57,1269.0,6616119.57,20216.1,0.31
Tennessee Valley Authority,Agency Overall,2023,250507.0,123498.0,374005.0,205.8,0.08
Department of the Treasury,Agency Overall,2023,19287130.77,2405069.09,21692199.86,42076.51,0.22
Marine Mammal Commission,Agency Overall,2023,5000.0,0.0,5000.0,0.0,0.0
Securities and Exchange Commission,Agency Overall,2023,12467072.0,794083.0,13261155.0,658.5,0.01
Federal Trade Commission,Agency Overall,2023,1901296.0,787888.81,2689184.81,13369.76,0.7
Consumer Financial Protection Bureau,Agency Overall,2023,6131755.19,24740.0,6156495.19,588.0,0.01
James Madison Memorial Fellowship Foundation,Agency Overall,2023,104.0,0.0,104.0,0.0,0.0
Office of the National Cyber Director,Agency Overall,2023,112000.0,0.0,112000.0,0.0,0.0
Armed Forces Retirement Home,Agency Overall,2023,31030.0,0.0,31030.0,0.0,0.0
United States Access Board,Agency Overall,2023,29454.0,0.0,29454.0,0.0,0.0
National Endowment for the Arts,Agency Overall,2023,100584.7,0.0,100584.7,0.0,0.0
Commission of Fine Arts,Agency Overall,2023,50.0,0.0,50.0,0.0,0.0
Office of the Director of National Intelligence,Agency Overall,2023,2496415.0,283920.0,2780335.0,0.0,0.0
Federal Communications Commission,Agency Overall,2023,2841158.71,33354.76,2874513.47,2294.93,0.08
Federal Energy Regulatory Commission,Agency Overall,2023,1462520.0,0.0,1462520.0,0.0,0.0
Federal Labor Relations Authority,Agency Overall,2023,114518.8,0.0,114518.8,0.0,0.0
Office of the Intellectual Property Enforcement Coordinator,Agency Overall,2023,3850.0,0.0,3850.0,0.0,0.0
Small Business Administration,Agency Overall,2023,61719.0,227000.0,288719.0,5500.0,8.91
U.S. Agency for Global Media,Agency Overall,2023,187418.0,16666.0,204084.0,0.0,0.0
Presidio Trust,Agency Overall,2023,9737.5,0.0,9737.5,0.0,0.0
Federal Housing Finance Agency,Agency Overall,2023,579292.11,1754.52,581046.63,0.0,0.0
Office of Government Ethics,Agency Overall,2023,395401.48,0.0,395401.48,0.0,0.0
AmeriCorps,Agency Overall,2024,28500.0,0.0,28500.0,0.0,0.0
Department of Justice,Agency Overall,2024,94660721.33,17572989.99,112233711.32,36016.82,0.04
American Battle Monuments Commission,Agency Overall,2024,15750.0,0.0,15750.0,0.0,0.0
Federal Energy Regulatory Commission,Agency Overall,2024,1538457.0,0.0,1538457.0,0.0,0.0
Office of Special Counsel,Agency Overall,2024,465000.0,93500.0,558500.0,0.0,0.0
Commission of Fine Arts,Agency Overall,2024,12058.0,0.0,12058.0,0.0,0.0
United States Copyright Office,Agency Overall,2024,80910.35,0.0,80910.35,0.0,0.0
Office of Science and Technology Policy,Agency Overall,2024,496176.0,1750.0,497926.0,0.0,0.0
Federal Open Market Committee,Agency Overall,2024,296781.0,0.0,296781.0,0.0,0.0
U.S. Commission for the Preservation of America’s Heritage Abroad,Agency Overall,2024,2000.0,0.0,2000.0,0.0,0.0
U.S. Commission on Civil Rights,Agency Overall,2024,70685.0,0.0,70685.0,0.0,0.0
Council of the Inspectors General on Integrity and Efficiency,Agency Overall,2024,238090.28,92398.72,330489.0,0.0,0.0
Office of the National Cyber Director,Agency Overall,2024,350000.0,0.0,350000.0,0.0,0.0
Department of Health and Human Services,Agency Overall,2024,66145484.3,14151022.78,80296507.08,752786.04,1.14
Morris K. Udall and Stewart L. Udall Foundation,Agency Overall,2024,3973.0,0.0,3973.0,0.0,0.0
Surface Transportation Board,Agency Overall,2024,58900.0,0.0,58900.0,827.0,1.4
Department of Energy,Agency Overall,2024,9235075.68,881998.74,10117074.42,716.96,0.01
Consumer Financial Protection Bureau,Agency Overall,2024,6131755.19,5000.0,6136755.19,3450.0,0.06
Federal Labor Relations Authority,Agency Overall,2024,114518.8,0.0,114518.8,0.0,0.0
U.S. Election Assistance Commission,Agency Overall,2024,27300.0,15200.0,42500.0,0.0,0.0
Federal Communications Commission,Agency Overall,2024,2837928.5,25701.13,2863629.63,1449.28,0.05
Federal Deposit Insurance Corporation,Agency Overall,2024,3104602.0,241981.0,3346583.0,2603.1,0.08
Office of Navajo and Hopi Indian Relocation,Agency Overall,2024,1000.0,0.0,1000.0,0.0,0.0
National Credit Union Administration,Agency Overall,2024,444686.0,0.0,444686.0,1134.5,0.26
National Science Foundation,Agency Overall,2024,675349.0,0.0,675349.0,0.0,0.0
Millennium Challenge Corporation,Agency Overall,2024,163500.0,0.0,163500.0,0.0,0.0
Office of National Drug Control Policy,Agency Overall,2024,190763.7,0.0,190763.7,0.0,0.0
U.S. Interagency Council on Homelessness,Agency Overall,2024,25000.0,0.0,25000.0,0.0,0.0
Office of Pandemic Preparedness and Response Policy,Agency Overall,2024,0.0,0.0,0.0,0.0,0.0
United States Trade and Development Agency,Agency Overall,2024,20000.0,0.0,20000.0,0.0,0.0
Selective Service System,Agency Overall,2024,59280.0,0.0,59280.0,0.0,0.0
Court Services and Offender Supervision Agency,Agency Overall,2024,326155.0,0.0,326155.0,112.0,0.03
Nuclear Regulatory Commission,Agency Overall,2024,1949481.89,0.0,1949481.89,1164.62,0.06
Federal Reserve System,Agency Overall,2024,1384978.8,191423.7,1576402.5,3835.75,0.28
National Labor Relations Board,Agency Overall,2024,1936720.0,204056.0,2140776.0,21164.0,1.09
U.S. Agency for International Development,Agency Overall,2024,5567373.1,36313.16,5603686.26,0.0,0.0
Department of Transportation,Agency Overall,2024,17110990.0,172219.0,17283209.0,160242.29,0.94
Social Security Advisory Board,Agency Overall,2024,500.0,0.0,500.0,0.0,0.0
Institute of Museum and Library Services,Agency Overall,2024,51000.0,0.0,51000.0,0.0,0.0
Federal Maritime Commission,Agency Overall,2024,332991.74,0.0,332991.74,0.0,0.0
Harry S. Truman Scholarship Foundation,Agency Overall,2024,4000.0,0.0,4000.0,0.0,0.0
Neighborhood Reinvestment Corporation,Agency Overall,2024,47065.0,0.0,47065.0,0.0,0.0
Department of Defense,Agency Overall,2024,99244812.24,5684923.76,104929736.0,74261.73,0.07
Federal Mediation and Conciliation Service,Agency Overall,2024,9589.63,0.0,9589.63,79.92,0.83
Advisory Council on Historic Preservation,Agency Overall,2024,96000.0,0.0,96000.0,0.0,0.0
Federal Financial Institutions Examination Council,Agency Overall,2024,2080.0,0.0,2080.0,0.0,0.0
Securities and Exchange Commission,Agency Overall,2024,13277679.0,841947.0,14119626.0,311.0,0.0
Office of the Intellectual Property Enforcement Coordinator,Agency Overall,2024,6515.0,0.0,6515.0,0.0,0.0
Equal Employment Opportunity Commission,Agency Overall,2024,4947358.21,1600.0,4948958.21,4533.02,0.09
Administrative Conference of the United States,Agency Overall,2024,78200.0,0.0,78200.0,0.0,0.0
Appraisal Subcommittee,Agency Overall,2024,19701.0,0.0,19701.0,0.0,0.0
Office of the Director of National Intelligence,Agency Overall,2024,2619221.0,283920.0,2903141.0,0.0,0.0
Federal Trade Commission,Agency Overall,2024,1745769.0,617293.0,2363062.0,14682.8,0.84
Department of Commerce,Agency Overall,2024,11232659.65,309381.06,11542040.71,68564.97,0.61
Department of Housing and Urban Development,Agency Overall,2024,139158.58,4030.0,143188.58,12281.06,8.83
Gulf Coast Ecosystem Restoration Council,Agency Overall,2024,3500.0,0.0,3500.0,0.0,0.0
Pension Benefit Guaranty Corporation,Agency Overall,2024,2106495.12,0.0,2106495.12,3030.95,0.14
United States Access Board,Agency Overall,2024,63752.0,0.0,63752.0,0.0,0.0
Department of the Treasury,Agency Overall,2024,26902809.55,1606094.39,28508903.94,57287.33,0.21
Department of Homeland Security,Agency Overall,2024,92629128.92,943550.81,93572679.73,28845.99,0.03
Committee for Purchase from People Who Are Blind or Severely Disabled,Agency Overall,2024,28800.0,0.0,28800.0,0.0,0.0
United States International Trade Commission,Agency Overall,2024,2200.0,0.0,2200.0,0.0,0.0
Environmental Protection Agency,Agency Overall,2024,46771300.0,79250.0,46850550.0,149538.04,0.32
Marine Mammal Commission,Agency Overall,2024,10000.0,0.0,10000.0,0.0,0.0
Department of Labor,Agency Overall,2024,18030082.0,743296.0,18773378.0,179590.16,1.0
U.S. Nuclear Waste Technical Review Board,Agency Overall,2024,3520.0,0.0,3520.0,0.0,0.0
United States Postal Service,Agency Overall,2024,2179278.0,5593.0,2184871.0,15593.84,0.72
Occupational Safety and Health Review Commission,Agency Overall,2024,384270.59,0.0,384270.59,0.0,0.0
Tennessee Valley Authority,Agency Overall,2024,360242.45,355707.07,715949.52,1243.25,0.35
Farm Credit Administration,Agency Overall,2024,80000.0,100.0,80100.0,300.0,0.38
National Railroad Passenger Corporation,Agency Overall,2024,179000.0,0.0,179000.0,272.0,0.15
Office of Personnel Management,Agency Overall,2024,1559799.0,0.0,1559799.0,12587.24,0.81
National Endowment for the Humanities,Agency Overall,2024,60000.0,0.0,60000.0,0.0,0.0
Legal Services Corporation,Agency Overall,2024,46627.0,0.0,46627.0,2633.98,5.65
Inter-American Foundation,Agency Overall,2024,15000.0,0.0,15000.0,0.0,0.0
Federal Election Commission,Agency Overall,2024,300611.0,300611.0,601222.0,0.0,0.0
Denali Commission,Agency Overall,2024,1000.0,0.0,1000.0,0.0,0.0
James Madison Memorial Fellowship Foundation,Agency Overall,2024,112.0,0.0,112.0,0.0,0.0
Consumer Product Safety Commission,Agency Overall,2024,675874.0,2000.0,677874.0,813.59,0.12
Presidio Trust,Agency Overall,2024,67672.0,0.0,67672.0,313.0,0.46
Postal Regulatory Commission,Agency Overall,2024,275000.0,0.0,275000.0,0.0,0.0
U.S. Department of State,Agency Overall,2024,33248019.0,2027336.0,35275355.0,0.0,0.0
Federal Housing Finance Agency,Agency Overall,2024,527373.23,42021.16,569394.39,0.0,0.0
Small Business Administration,Agency Overall,2024,19964.0,315000.0,334964.0,5766.0,28.88
Federal Mine Safety and Health Review Commission,Agency Overall,2024,169170.5,0.0,169170.5,240.0,0.14
Office of Government Ethics,Agency Overall,2024,443224.11,0.0,443224.11,0.0,0.0
Office of the Special Inspector General for Afghanistan Reconstruction,Agency Overall,2024,30000.0,0.0,30000.0,0.0,0.0
National Transportation Safety Board,Agency Overall,2024,893236.06,0.0,893236.06,0.0,0.0
Department of Veterans Affairs,Agency Overall,2024,22037197.79,413298.0,22450495.79,196475.7,0.89
United States Institute of Peace,Agency Overall,2024,11000.0,0.0,11000.0,0.0,0.0
National Mediation Board,Agency Overall,2024,80000.0,0.0,80000.0,0.0,0.0
Chemical Safety and Hazard Investigation Board,Agency Overall,2024,94776.81,0.0,94776.81,0.0,0.0
National Archives and Records Administration,Agency Overall,2024,1632400.0,26000.0,1658400.0,0.0,0.0
Department of Education,Agency Overall,2024,9992162.04,662499.91,10654661.95,0.0,0.0
National Endowment for the Arts,Agency Overall,2024,127000.0,0.0,127000.0,0.0,0.0
National Council on Disability,Agency Overall,2024,40000.0,0.0,40000.0,0.0,0.0
National Aeronautics and Space Administration,Agency Overall,2024,1613306.27,15000.0,1628306.27,6933.46,0.43
Export-Import Bank of the U.S.,Agency Overall,2024,663322.3,0.0,663322.3,156.75,0.02
Privacy and Civil Liberties Oversight Board,Agency Overall,2024,86050.0,0.0,86050.0,0.0,0.0
Defense Nuclear Facilities Safety Board,Agency Overall,2024,500000.0,0.0,500000.0,0.0,0.0
Farm Credit System Insurance Corporation,Agency Overall,2024,50000.0,0.0,50000.0,0.0,0.0
United States International Boundary and Water Commission,Agency Overall,2024,50000.0,75000.0,125000.0,0.0,0.0
Office of Management and Budget,Agency Overall,2024,1776756.58,10881.25,1787637.83,0.0,0.0
National Capital Planning Commission,Agency Overall,2024,4850.0,0.0,4850.0,0.0,0.0
Central Intelligence Agency,Agency Overall,2024,4699177.32,1835221.25,6534398.57,0.0,0.0
Merit Systems Protection Board,Agency Overall,2024,305986.4,0.0,305986.4,0.0,0.0
Council on Environmental Quality,Agency Overall,2024,411612.0,164369.0,575981.0,0.0,0.0
Commodity Futures Trading Commission,Agency Overall,2024,783674.63,0.0,783674.63,0.0,0.0
National Indian Gaming Commission,Agency Overall,2024,160000.0,0.0,160000.0,348.75,0.22
United States African Development Foundation,Agency Overall,2024,50.0,0.0,50.0,0.0,0.0
Office of the United States Trade Representative,Agency Overall,2024,161000.0,0.0,161000.0,0.0,0.0
Social Security Administration,Agency Overall,2024,3229480.08,153023.0,3382503.08,544362.0,16.86
Armed Forces Retirement Home,Agency Overall,2024,23500.0,0.0,23500.0,0.0,0.0
General Services Administration,Agency Overall,2024,2173655.5,0.0,2173655.5,38863.75,1.79
Department of the Interior,Agency Overall,2024,17427312.0,993531.0,18420843.0,12256.0,0.07
Peace Corps,Agency Overall,2024,1085990.0,0.0,1085990.0,0.0,0.0
Department of Agriculture,Agency Overall,2024,21386060.64,1991248.35,23377308.99,16575.05,0.08
U.S. Agency for Global Media,Agency Overall,2024,224696.0,0.0,224696.0,0.0,0.0
Federal Permitting Improvement Steering Council,Agency Overall,2024,124500.0,0.0,124500.0,0.0,0.0
U.S. Railroad Retirement Board,Agency Overall,2024,147967.26,0.0,147967.26,0.0,0.0
Federal Retirement Thrift Investment Board,Agency Overall,2024,119037.0,0.0,119037.0,0.0,0.0
U.S. International Development Finance Corporation,Agency Overall,2024,312456.0,0.0,312456.0,0.0,0.0
