Agency,Component,Fiscal Year,Number of Full Grants,Number of Partial Grants/Partial Denials,Number of Full Denials Based on Exemptions,No Records,All Records Referred to Another Component or Agency,Request Withdrawn,Fee-Related Reason,Records Not Reasonably Described,Improper FOIA Request for Other Reason,Not Agency Record,Duplicate Request,Other*,Total
Commodity Futures Trading Commission,Agency Overall,2018,20,35,15,31,0,6,4,1,1,4,0,4,121
Merit Systems Protection Board,Agency Overall,2018,59,58,8,41,2,2,0,7,18,0,2,3,200
United States African Development Foundation,Agency Overall,2018,7,0,0,1,0,0,0,0,0,0,0,0,8
Securities and Exchange Commission,Agency Overall,2018,5819,858,723,6015,209,308,46,32,35,37,166,0,14248
Department of Homeland Security,Agency Overall,2018,25696,226015,6103,65915,1564,1779,42,1549,19947,4220,21488,627,374945
National Indian Gaming Commission,Agency Overall,2018,14,19,3,11,0,3,0,0,1,1,0,0,52
Office of Government Ethics,Agency Overall,2018,27,99,5,57,3,10,0,4,0,0,1,0,206
"National Commission on Military, National, and Public Service",Agency Overall,2018,1,0,0,0,0,0,0,0,0,0,0,0,1
National Mediation Board,Agency Overall,2018,10,0,1,6,0,0,0,0,0,0,0,0,17
U.S. Agency for Global Media,Agency Overall,2018,11,29,2,8,0,0,2,5,1,1,0,0,59
Office of Navajo and Hopi Indian Relocation,Agency Overall,2018,57,0,0,0,0,0,0,0,0,0,0,0,57
Consumer Financial Protection Bureau,Agency Overall,2018,119,260,44,84,4,49,50,3,2,16,11,0,642
Department of Agriculture,Agency Overall,2018,29350,3494,389,1010,283,327,75,27,68,65,172,222,35482
Court Services and Offender Supervision Agency,Agency Overall,2018,13,421,2,17,0,52,0,0,6,1,5,0,517
General Services Administration,Agency Overall,2018,238,584,36,165,5,115,29,37,1,9,20,0,1239
Federal Mediation and Conciliation Service,Agency Overall,2018,26,7,3,12,0,2,0,0,2,4,0,1,57
Harry S. Truman Scholarship Foundation,Agency Overall,2018,0,1,0,1,0,0,0,0,0,0,0,0,2
Peace Corps,Agency Overall,2018,48,25,9,16,5,6,1,4,3,1,5,0,123
Department of Education,Agency Overall,2018,400,1647,134,227,0,119,7,41,0,196,64,23,2858
Office of National Drug Control Policy,Agency Overall,2018,17,33,0,45,0,11,0,0,0,0,0,0,106
Department of Housing and Urban Development,Agency Overall,2018,430,440,61,325,293,225,23,13,31,11,392,1,2245
Armed Forces Retirement Home,Agency Overall,2018,5,0,0,1,0,0,0,0,0,0,0,0,6
National Capital Planning Commission,Agency Overall,2018,5,0,0,2,0,0,0,1,0,0,0,0,8
Federal Communications Commission,Agency Overall,2018,122,367,28,135,0,92,41,23,4,17,19,0,848
Legal Services Corporation,Agency Overall,2018,15,8,0,0,0,0,0,0,0,0,0,0,23
United States International Trade Commission,Agency Overall,2018,6,15,2,13,0,1,0,0,0,0,0,0,37
Inter-American Foundation,Agency Overall,2018,3,3,0,5,0,0,0,0,0,0,0,0,11
Federal Retirement Thrift Investment Board,Agency Overall,2018,12,11,3,1,0,3,0,5,0,8,1,0,44
Department of the Treasury,Agency Overall,2018,3776,2981,501,1013,206,469,103,199,2273,205,339,33,12098
Office of Personnel Management,Agency Overall,2018,7683,2370,42,105,7,16,12,23,22,287,6,2,10575
Gulf Coast Ecosystem Restoration Council,Agency Overall,2018,7,0,0,0,0,0,0,0,0,0,0,0,7
James Madison Memorial Fellowship Foundation,Agency Overall,2018,5,0,0,0,0,0,0,0,0,0,0,0,5
Office of the Director of National Intelligence,Agency Overall,2018,43,171,12,84,0,3,0,24,2,0,0,10,349
United States Trade and Development Agency,Agency Overall,2018,3,9,1,5,0,0,0,0,0,0,0,1,19
Council of the Inspectors General on Integrity and Efficiency,Agency Overall,2018,3,1,1,9,0,0,0,0,0,0,0,0,14
Appraisal Subcommittee,Agency Overall,2018,2,0,0,2,0,0,0,0,0,0,0,0,4
U.S. Railroad Retirement Board,Agency Overall,2018,76,0,1,2,2,0,2,0,0,2,1,0,86
Committee for Purchase from People Who Are Blind or Severely Disabled,Agency Overall,2018,3,1,1,3,0,0,0,0,2,0,0,2,12
Federal Deposit Insurance Corporation,Agency Overall,2018,67,66,33,36,0,19,19,58,56,68,9,0,431
National Railroad Passenger Corporation,Agency Overall,2018,40,44,8,29,2,64,17,0,2,5,4,0,215
Department of Health and Human Services,Agency Overall,2018,13062,4068,5782,3902,869,2250,396,376,1311,896,643,321,33876
U.S. Department of State,Agency Overall,2018,1364,3808,1077,1307,2,450,4,1549,801,528,38,0,10928
Occupational Safety and Health Review Commission,Agency Overall,2018,29,17,0,8,0,15,0,0,0,0,0,0,69
Office of the United States Trade Representative,Agency Overall,2018,22,87,4,50,1,3,1,12,0,0,0,8,188
Federal Reserve System,Agency Overall,2018,333,60,30,73,2,33,0,26,51,10,0,8,626
U.S. Agency for International Development,Agency Overall,2018,44,148,16,55,3,44,2,3,1,4,4,13,337
U.S. Election Assistance Commission,Agency Overall,2018,32,4,0,9,0,0,0,0,0,0,0,0,45
Small Business Administration,Agency Overall,2018,543,197,18,125,2,42,11,29,28,25,38,3,1061
AmeriCorps,Agency Overall,2018,15,22,2,9,0,2,0,1,0,0,0,0,51
Presidio Trust,Agency Overall,2018,3,0,0,1,0,0,0,0,1,0,0,0,5
Office of Science and Technology Policy,Agency Overall,2018,19,44,3,30,1,3,0,0,0,0,0,0,100
Farm Credit Administration,Agency Overall,2018,11,5,1,3,0,1,0,0,0,0,0,0,21
Federal Housing Finance Agency,Agency Overall,2018,25,51,11,44,1,8,1,1,4,0,2,0,148
Department of Commerce,Agency Overall,2018,474,392,62,364,20,194,65,29,110,56,129,81,1976
United States Institute of Peace,Agency Overall,2018,1,0,1,0,0,0,0,0,0,0,0,0,2
U.S. Nuclear Waste Technical Review Board,Agency Overall,2018,2,0,1,0,0,0,0,0,0,0,0,0,3
Nuclear Regulatory Commission,Agency Overall,2018,118,115,12,116,1,28,56,12,10,13,14,1,496
Overseas Private Investment Corporation,Agency Overall,2018,11,25,0,12,0,4,0,0,1,0,0,0,53
Selective Service System,Agency Overall,2018,35,0,0,15,4,0,0,0,0,0,0,0,54
Export-Import Bank of the U.S.,Agency Overall,2018,25,38,4,13,0,1,0,4,0,0,0,0,85
United States International Boundary and Water Commission,Agency Overall,2018,20,9,1,4,0,4,0,2,1,1,0,0,42
Department of Justice,Agency Overall,2018,41661,10086,3294,17918,342,949,733,768,11980,385,1397,1870,91383
Morris K. Udall and Stewart L. Udall Foundation,Agency Overall,2018,2,0,0,0,0,0,0,0,0,0,0,0,2
United States Access Board,Agency Overall,2018,2,1,0,5,0,0,0,0,0,0,0,0,8
U.S. Interagency Council on Homelessness,Agency Overall,2018,8,0,0,0,0,0,0,0,0,0,0,0,8
Office of Management and Budget,Agency Overall,2018,34,101,9,148,1,5,0,0,1,1,1,0,301
Federal Financial Institutions Examination Council,Agency Overall,2018,2,0,0,5,0,0,0,0,0,1,0,0,8
Privacy and Civil Liberties Oversight Board,Agency Overall,2018,7,2,4,13,0,0,0,0,0,0,0,0,26
Pension Benefit Guaranty Corporation,Agency Overall,2018,799,449,58,135,0,25,1,9,34,0,88,0,1598
Central Intelligence Agency,Agency Overall,2018,129,348,888,224,49,13,5,30,337,18,127,177,2345
Defense Nuclear Facilities Safety Board,Agency Overall,2018,2,9,1,2,4,1,0,0,0,0,0,0,19
Advisory Council on Historic Preservation,Agency Overall,2018,0,0,0,1,0,0,0,0,0,0,0,0,1
National Council on Disability,Agency Overall,2018,2,0,0,1,0,0,0,0,0,0,0,0,3
Postal Regulatory Commission,Agency Overall,2018,31,1,0,9,7,5,0,0,0,0,0,0,53
Farm Credit System Insurance Corporation,Agency Overall,2018,4,0,0,0,0,0,0,0,0,0,0,0,4
Neighborhood Reinvestment Corporation,Agency Overall,2018,1,0,0,0,0,1,0,1,0,0,0,0,3
Federal Maritime Commission,Agency Overall,2018,6,8,3,10,0,1,0,0,0,0,0,0,28
National Labor Relations Board,Agency Overall,2018,287,802,58,95,0,202,24,22,11,0,46,0,1547
National Aeronautics and Space Administration,Agency Overall,2018,158,182,30,79,37,26,50,121,55,49,51,42,880
Department of Veterans Affairs,Agency Overall,2018,4203,10142,5615,1254,409,184,67,55,180,27,210,505,22851
Commission of Fine Arts,Agency Overall,2018,3,1,1,2,1,0,0,0,0,0,0,0,8
Department of Energy,Agency Overall,2018,531,359,20,340,218,281,26,34,24,33,27,0,1893
Environmental Protection Agency,Agency Overall,2018,4778,1022,58,2783,15,983,78,147,58,28,472,20,10442
National Endowment for the Humanities,Agency Overall,2018,18,21,0,15,0,0,0,0,0,0,0,0,54
U.S. Commission on Civil Rights,Agency Overall,2018,4,0,2,18,0,0,0,3,0,0,0,1,28
Department of Labor,Agency Overall,2018,1461,6258,1585,3235,269,588,171,69,125,343,574,1,14679
Federal Labor Relations Authority,Agency Overall,2018,23,13,2,18,0,2,0,2,0,0,2,0,62
National Science Foundation,Agency Overall,2018,26,219,12,52,4,33,0,0,3,0,0,0,349
Federal Energy Regulatory Commission,Agency Overall,2018,20,45,19,22,1,4,0,0,0,0,0,0,111
Federal Trade Commission,Agency Overall,2018,451,532,85,185,6,20,21,26,25,2,67,39,1459
Office of the Special Inspector General for Afghanistan Reconstruction,Agency Overall,2018,2,10,7,2,5,2,0,1,1,0,0,0,30
Marine Mammal Commission,Agency Overall,2018,3,1,0,1,0,0,0,3,0,0,0,0,8
Office of Special Counsel,Agency Overall,2018,15,88,19,12,5,99,0,2,24,10,8,0,282
United States Postal Service,Agency Overall,2018,472,568,590,380,460,99,38,141,192,147,28,1,3116
Equal Employment Opportunity Commission,Agency Overall,2018,525,13306,1850,1164,203,455,45,34,744,20,771,17,19134
Chemical Safety and Hazard Investigation Board,Agency Overall,2018,11,11,14,6,0,4,0,0,0,0,2,0,48
Department of the Interior,Agency Overall,2018,2265,1979,230,1285,48,271,138,120,54,27,108,476,7001
Federal Mine Safety and Health Review Commission,Agency Overall,2018,43,11,1,7,0,2,0,1,2,1,0,0,68
Denali Commission,Agency Overall,2018,0,4,0,0,0,0,0,0,0,0,0,0,4
National Archives and Records Administration,Agency Overall,2018,36163,4038,2435,2443,7174,124,5,88,38,35,71,487,53101
United States Copyright Office,Agency Overall,2018,12,7,2,2,15,1,0,1,0,4,0,0,44
Social Security Administration,Agency Overall,2018,11029,3083,814,630,22,37,459,189,56,34,107,171,16631
National Transportation Safety Board,Agency Overall,2018,53,68,130,85,0,115,0,0,70,11,17,0,549
Administrative Conference of the United States,Agency Overall,2018,3,1,0,15,0,0,0,0,0,0,0,0,19
National Credit Union Administration,Agency Overall,2018,52,59,11,21,0,8,0,3,0,0,0,0,154
Surface Transportation Board,Agency Overall,2018,24,0,0,10,0,2,0,3,1,1,0,0,41
Institute of Museum and Library Services,Agency Overall,2018,14,6,1,1,0,0,0,1,0,2,0,1,26
Tennessee Valley Authority,Agency Overall,2018,51,122,23,11,0,4,0,0,0,1,0,0,212
Council on Environmental Quality,Agency Overall,2018,25,34,1,55,1,2,7,4,19,0,6,2,156
Department of Transportation,Agency Overall,2018,8383,3326,153,2259,11,1730,43,15,44,20,76,22,16082
National Endowment for the Arts,Agency Overall,2018,15,24,3,34,0,0,0,0,0,0,0,0,76
Federal Open Market Committee,Agency Overall,2018,6,0,1,0,3,0,0,2,0,1,0,0,13
Consumer Product Safety Commission,Agency Overall,2018,115,173,23,56,20,24,0,0,6,3,6,14,440
Department of Defense,Agency Overall,2018,18571,15801,2652,6357,2160,2190,466,622,1047,1471,1828,1158,54323
Millennium Challenge Corporation,Agency Overall,2018,9,5,2,3,0,1,0,1,1,0,0,0,22
American Battle Monuments Commission,Agency Overall,2018,1,6,2,0,1,0,0,0,2,6,0,0,18
Social Security Advisory Board,Agency Overall,2018,3,0,0,0,0,0,0,0,0,0,0,0,3
Federal Election Commission,Agency Overall,2018,45,26,5,66,0,1,0,1,0,0,0,19,163
Federal Financial Institutions Examination Council,Agency Overall,2019,0,5,1,4,1,0,0,0,0,0,0,0,11
Surface Transportation Board,Agency Overall,2019,18,3,1,9,0,2,1,0,0,0,0,0,34
Commodity Futures Trading Commission,Agency Overall,2019,35,39,20,30,0,13,9,5,3,2,1,7,164
Social Security Advisory Board,Agency Overall,2019,1,0,0,2,0,0,0,0,0,0,0,0,3
Federal Retirement Thrift Investment Board,Agency Overall,2019,13,6,4,5,0,2,0,1,0,0,1,0,32
Office of Management and Budget,Agency Overall,2019,34,34,14,193,0,1,0,15,0,2,0,0,293
Environmental Protection Agency,Agency Overall,2019,4665,1343,70,1738,8,1061,46,160,28,16,372,18,9525
Federal Housing Finance Agency,Agency Overall,2019,7,44,11,47,2,5,2,1,17,1,2,0,139
Consumer Product Safety Commission,Agency Overall,2019,46,121,28,35,27,21,0,0,8,1,6,23,316
U.S. Interagency Council on Homelessness,Agency Overall,2019,4,0,0,0,0,0,0,0,0,0,0,0,4
Office of National Drug Control Policy,Agency Overall,2019,7,40,0,20,0,3,0,0,0,0,0,0,70
Farm Credit System Insurance Corporation,Agency Overall,2019,2,0,0,2,0,0,0,0,0,0,0,0,4
National Endowment for the Arts,Agency Overall,2019,16,30,0,11,0,0,0,0,0,0,0,0,57
National Mediation Board,Agency Overall,2019,11,0,0,0,0,0,0,0,0,0,0,0,11
U.S. Agency for International Development,Agency Overall,2019,40,149,11,44,2,44,0,3,5,2,0,4,304
U.S. Election Assistance Commission,Agency Overall,2019,11,4,0,1,0,1,0,0,0,0,0,0,17
Occupational Safety and Health Review Commission,Agency Overall,2019,26,12,0,12,0,20,0,0,0,0,0,0,70
United States International Trade Commission,Agency Overall,2019,8,10,2,8,0,0,0,0,0,0,0,0,28
Social Security Administration,Agency Overall,2019,10004,2894,760,317,685,26,187,133,18,32,92,0,15148
Department of Labor,Agency Overall,2019,1612,6416,1629,3954,357,666,206,84,158,419,849,0,16350
Federal Mine Safety and Health Review Commission,Agency Overall,2019,43,1,0,11,0,4,0,1,2,2,1,0,65
Department of Defense,Agency Overall,2019,14907,18055,2846,6980,2314,2872,359,705,1091,1376,1945,1095,54545
Department of Justice,Agency Overall,2019,37770,10427,3211,17239,284,1075,845,662,11880,592,2408,2275,88668
Office of the Director of National Intelligence,Agency Overall,2019,40,236,20,123,0,13,0,2,0,0,6,24,464
Court Services and Offender Supervision Agency,Agency Overall,2019,13,235,6,13,0,2,0,0,2,0,0,0,271
Department of the Treasury,Agency Overall,2019,3474,2797,276,945,186,766,100,184,2304,203,671,15,11921
U.S. Commission on Civil Rights,Agency Overall,2019,13,0,1,31,0,0,0,4,0,0,0,0,49
United States Postal Service,Agency Overall,2019,477,566,553,360,354,87,60,99,198,164,41,1,2960
Department of the Interior,Agency Overall,2019,2082,1875,197,1269,51,360,134,138,91,37,143,405,6782
American Battle Monuments Commission,Agency Overall,2019,5,3,0,7,0,0,0,0,0,0,0,0,15
National Aeronautics and Space Administration,Agency Overall,2019,124,190,38,121,29,29,41,92,34,16,26,60,800
Office of Special Counsel,Agency Overall,2019,14,107,11,4,2,20,0,4,8,12,1,0,183
Federal Maritime Commission,Agency Overall,2019,8,4,5,6,0,0,0,0,0,0,0,0,23
Privacy and Civil Liberties Oversight Board,Agency Overall,2019,1,2,3,11,0,0,0,0,0,0,0,3,20
Department of Agriculture,Agency Overall,2019,20903,2863,364,765,285,305,57,18,26,63,138,307,26094
Farm Credit Administration,Agency Overall,2019,7,5,0,6,0,3,0,0,0,0,0,0,21
U.S. Department of State,Agency Overall,2019,138,2459,962,938,23,136,3,212,1240,393,41,0,6545
Pension Benefit Guaranty Corporation,Agency Overall,2019,1334,414,142,118,0,28,6,5,23,2,160,0,2232
Council on Environmental Quality,Agency Overall,2019,17,33,0,54,1,5,1,1,11,1,0,6,130
Peace Corps,Agency Overall,2019,42,30,0,13,4,5,2,1,2,0,2,0,101
General Services Administration,Agency Overall,2019,256,576,38,150,16,94,73,65,5,33,49,0,1355
Merit Systems Protection Board,Agency Overall,2019,33,40,2,26,0,3,0,5,3,0,2,1,115
Federal Communications Commission,Agency Overall,2019,81,299,18,91,2,87,66,13,2,24,17,3,703
Tennessee Valley Authority,Agency Overall,2019,67,88,14,11,0,8,6,0,0,3,0,0,197
Nuclear Regulatory Commission,Agency Overall,2019,106,111,24,78,3,48,56,51,19,6,8,0,510
Federal Energy Regulatory Commission,Agency Overall,2019,13,59,20,17,0,5,0,0,0,0,0,0,114
National Archives and Records Administration,Agency Overall,2019,48743,3115,782,3316,7731,141,16,178,801,42,1459,1738,68062
Gulf Coast Ecosystem Restoration Council,Agency Overall,2019,9,0,0,0,0,0,0,0,0,0,0,0,9
Department of Education,Agency Overall,2019,326,1276,80,232,4,136,17,32,0,212,39,14,2368
Department of Energy,Agency Overall,2019,483,368,47,324,222,230,35,33,17,43,81,0,1883
"National Commission on Military, National, and Public Service",Agency Overall,2019,1,2,0,29,0,0,0,2,0,0,0,0,34
Morris K. Udall and Stewart L. Udall Foundation,Agency Overall,2019,4,0,0,0,0,0,0,0,0,0,0,0,4
United States Access Board,Agency Overall,2019,2,12,2,5,0,3,0,2,0,0,0,0,26
United States Trade and Development Agency,Agency Overall,2019,9,2,1,5,0,0,0,0,0,2,0,0,19
Federal Open Market Committee,Agency Overall,2019,6,2,1,1,6,0,0,4,2,4,0,0,26
Department of Homeland Security,Agency Overall,2019,32233,255653,6143,74166,2005,1698,16,3481,23436,4070,25861,1036,429798
Federal Mediation and Conciliation Service,Agency Overall,2019,18,4,0,17,0,13,0,0,0,1,1,0,54
Defense Nuclear Facilities Safety Board,Agency Overall,2019,4,7,0,3,0,0,0,1,1,0,0,0,16
Department of Commerce,Agency Overall,2019,437,412,91,291,6,189,77,31,53,78,102,250,2017
Inter-American Foundation,Agency Overall,2019,5,0,0,5,0,0,0,0,0,0,0,0,10
James Madison Memorial Fellowship Foundation,Agency Overall,2019,0,0,0,0,0,0,0,0,0,0,0,0,0
Presidio Trust,Agency Overall,2019,0,0,0,2,0,0,3,0,0,0,0,0,5
National Endowment for the Humanities,Agency Overall,2019,15,27,0,10,0,2,0,0,0,0,0,0,54
Consumer Financial Protection Bureau,Agency Overall,2019,82,175,35,67,1,34,3,3,5,9,21,0,435
Advisory Council on Historic Preservation,Agency Overall,2019,3,0,0,2,0,0,0,0,0,0,0,0,5
Federal Reserve System,Agency Overall,2019,318,72,16,54,7,23,1,22,10,25,4,9,561
Securities and Exchange Commission,Agency Overall,2019,4695,733,1132,4287,71,182,31,8,39,42,267,0,11487
Appraisal Subcommittee,Agency Overall,2019,2,0,0,0,0,0,0,0,0,0,0,0,2
Office of the United States Trade Representative,Agency Overall,2019,18,79,3,30,0,0,0,4,0,0,0,4,138
United States International Boundary and Water Commission,Agency Overall,2019,27,19,1,4,0,1,0,0,0,0,0,2,54
Harry S. Truman Scholarship Foundation,Agency Overall,2019,0,0,0,1,0,1,0,1,0,0,0,0,3
Federal Trade Commission,Agency Overall,2019,339,531,115,167,1,33,15,20,30,3,35,72,1361
National Science Foundation,Agency Overall,2019,32,162,6,32,0,25,1,5,2,2,0,0,267
Overseas Private Investment Corporation,Agency Overall,2019,8,37,0,15,0,3,1,0,0,0,1,0,65
U.S. Nuclear Waste Technical Review Board,Agency Overall,2019,8,0,0,0,0,0,0,0,0,1,0,0,9
Council of the Inspectors General on Integrity and Efficiency,Agency Overall,2019,6,7,3,11,1,0,0,3,0,0,0,10,41
United States African Development Foundation,Agency Overall,2019,5,1,0,1,0,0,0,0,0,0,0,0,7
Federal Labor Relations Authority,Agency Overall,2019,16,28,1,26,1,6,0,1,0,4,1,0,84
Equal Employment Opportunity Commission,Agency Overall,2019,763,13977,2044,1254,148,371,36,60,200,144,756,41,19794
Office of Personnel Management,Agency Overall,2019,7494,2704,43,95,20,27,19,27,22,36,6,0,10493
Office of the Special Inspector General for Afghanistan Reconstruction,Agency Overall,2019,1,5,2,3,2,0,0,1,1,0,0,0,15
Institute of Museum and Library Services,Agency Overall,2019,30,10,1,2,0,0,0,0,1,6,0,3,53
United States Institute of Peace,Agency Overall,2019,2,0,0,2,0,0,0,0,0,0,0,0,4
National Indian Gaming Commission,Agency Overall,2019,15,18,2,9,0,3,0,0,0,0,0,0,47
Federal Election Commission,Agency Overall,2019,32,33,6,26,3,6,0,1,1,1,0,18,127
Commission of Fine Arts,Agency Overall,2019,3,1,0,1,0,0,0,0,0,0,0,0,5
National Railroad Passenger Corporation,Agency Overall,2019,52,42,11,26,0,31,15,2,5,0,7,0,191
Office of Science and Technology Policy,Agency Overall,2019,2,24,0,36,0,1,0,0,0,0,0,0,63
Denali Commission,Agency Overall,2019,4,0,0,0,0,0,0,0,0,0,0,0,4
United States Copyright Office,Agency Overall,2019,5,2,0,9,21,0,0,5,0,0,0,0,42
Committee for Purchase from People Who Are Blind or Severely Disabled,Agency Overall,2019,4,2,1,0,0,0,0,0,0,0,0,1,8
National Transportation Safety Board,Agency Overall,2019,120,65,202,160,2,109,0,3,47,18,35,0,761
Selective Service System,Agency Overall,2019,29,3,0,14,10,0,0,6,0,0,0,0,62
Office of Government Ethics,Agency Overall,2019,20,57,7,27,2,6,0,6,0,0,0,0,125
Export-Import Bank of the U.S.,Agency Overall,2019,26,36,4,10,0,2,2,5,0,0,0,0,85
Armed Forces Retirement Home,Agency Overall,2019,3,1,3,0,0,0,0,0,0,0,0,0,7
Department of Housing and Urban Development,Agency Overall,2019,446,489,88,317,248,232,28,18,38,10,101,3,2018
Administrative Conference of the United States,Agency Overall,2019,4,2,0,0,0,0,0,0,0,18,0,0,24
AmeriCorps,Agency Overall,2019,19,20,4,6,0,1,0,1,0,0,0,0,51
Federal Deposit Insurance Corporation,Agency Overall,2019,66,46,24,20,3,18,14,45,36,59,10,0,341
Central Intelligence Agency,Agency Overall,2019,157,331,607,343,66,7,6,32,429,56,93,134,2261
Small Business Administration,Agency Overall,2019,421,195,17,126,2,63,10,23,10,16,40,0,923
Chemical Safety and Hazard Investigation Board,Agency Overall,2019,7,11,7,4,0,4,0,0,1,0,0,0,34
National Labor Relations Board,Agency Overall,2019,246,824,62,64,1,156,25,17,1,3,21,0,1420
National Credit Union Administration,Agency Overall,2019,50,66,9,10,0,5,0,2,2,4,0,0,148
Department of Health and Human Services,Agency Overall,2019,12409,4238,5773,3314,815,3336,746,477,1252,770,653,34,33817
Department of Veterans Affairs,Agency Overall,2019,5406,9500,5018,1262,371,300,64,78,332,23,193,1202,23749
Department of Transportation,Agency Overall,2019,7549,3386,155,2570,18,732,55,13,53,26,58,6,14621
National Council on Disability,Agency Overall,2019,0,0,1,8,0,0,0,2,0,0,0,0,11
U.S. Railroad Retirement Board,Agency Overall,2019,87,0,7,8,1,0,0,0,0,4,2,0,109
Office of Navajo and Hopi Indian Relocation,Agency Overall,2019,25,0,0,0,0,0,0,0,0,0,0,0,25
Millennium Challenge Corporation,Agency Overall,2019,2,4,7,11,1,0,0,1,1,1,0,0,28
Legal Services Corporation,Agency Overall,2019,10,6,0,6,3,0,0,1,0,0,0,0,26
U.S. Agency for Global Media,Agency Overall,2019,10,34,0,13,0,12,0,3,2,0,0,0,74
Neighborhood Reinvestment Corporation,Agency Overall,2019,0,0,0,1,0,0,0,0,0,0,0,0,1
Marine Mammal Commission,Agency Overall,2019,2,0,0,1,0,0,0,4,0,0,0,0,7
National Capital Planning Commission,Agency Overall,2019,3,0,0,4,0,0,0,1,0,0,0,0,8
Postal Regulatory Commission,Agency Overall,2019,6,0,0,8,0,1,0,0,0,0,0,0,15
Federal Labor Relations Authority,Agency Overall,2020,12,37,1,37,0,0,1,3,1,14,1,0,107
Federal Open Market Committee,Agency Overall,2020,5,1,2,1,6,0,0,4,0,0,0,0,19
General Services Administration,Agency Overall,2020,260,549,26,148,41,57,86,89,18,98,57,0,1429
Department of Agriculture,Agency Overall,2020,17800,2548,289,861,105,1024,28,50,61,61,210,66,23103
Pension Benefit Guaranty Corporation,Agency Overall,2020,2684,381,78,114,2,35,8,14,28,1,180,0,3525
Federal Energy Regulatory Commission,Agency Overall,2020,11,37,15,8,0,0,0,0,0,0,0,0,71
Commodity Futures Trading Commission,Agency Overall,2020,40,50,31,37,1,5,0,0,11,2,0,7,184
Armed Forces Retirement Home,Agency Overall,2020,0,1,0,1,0,0,0,0,0,0,0,0,2
Presidio Trust,Agency Overall,2020,3,5,0,3,0,0,2,0,0,0,0,0,13
Federal Reserve System,Agency Overall,2020,280,77,34,82,2,21,2,45,15,46,3,8,615
Consumer Financial Protection Bureau,Agency Overall,2020,67,168,24,55,1,51,1,3,5,23,13,0,411
Tennessee Valley Authority,Agency Overall,2020,79,86,18,27,0,2,12,11,0,4,0,0,239
Federal Financial Institutions Examination Council,Agency Overall,2020,1,0,0,5,0,0,0,0,1,4,0,0,11
Morris K. Udall and Stewart L. Udall Foundation,Agency Overall,2020,0,0,0,1,0,0,0,1,0,0,0,0,2
Consumer Product Safety Commission,Agency Overall,2020,109,156,203,0,13,18,0,0,4,3,0,0,506
Nuclear Regulatory Commission,Agency Overall,2020,57,78,23,39,1,36,11,21,6,9,7,0,288
Inter-American Foundation,Agency Overall,2020,2,4,0,4,0,0,0,0,0,0,0,0,10
United States International Boundary and Water Commission,Agency Overall,2020,24,6,0,7,0,3,0,0,0,0,0,0,40
Legal Services Corporation,Agency Overall,2020,6,3,1,3,0,0,0,0,0,0,0,0,13
National Security Commission on Artificial Intelligence,Agency Overall,2020,2,0,0,6,1,0,0,0,0,0,0,1,10
Department of Justice,Agency Overall,2020,39256,9514,3291,14379,236,1061,181,681,11347,538,2067,1891,84442
Office of Special Counsel,Agency Overall,2020,21,84,17,23,6,29,0,1,4,4,4,0,193
Federal Maritime Commission,Agency Overall,2020,1,6,1,12,0,0,0,1,0,0,0,0,21
U.S. Commission for the Preservation of America’s Heritage Abroad,Agency Overall,2020,0,0,0,0,0,0,0,0,0,0,0,0,0
Securities and Exchange Commission,Agency Overall,2020,6495,764,1113,4119,95,507,27,0,0,52,86,0,13258
Department of Transportation,Agency Overall,2020,5477,4715,186,2434,172,1230,698,131,225,53,72,40,15433
Department of the Interior,Agency Overall,2020,1659,1644,217,1018,52,249,85,131,60,56,128,607,5906
United States International Trade Commission,Agency Overall,2020,3,6,1,20,2,0,0,0,0,1,0,0,33
Department of Homeland Security,Agency Overall,2020,35764,217915,9334,77240,3498,1710,16,2701,25420,1665,17030,330,392623
Federal Retirement Thrift Investment Board,Agency Overall,2020,6,5,0,9,0,5,0,1,1,0,2,0,29
Denali Commission,Agency Overall,2020,11,0,0,0,0,0,0,0,0,0,0,0,11
National Indian Gaming Commission,Agency Overall,2020,9,8,0,7,0,2,0,0,0,0,1,0,27
National Railroad Passenger Corporation,Agency Overall,2020,39,55,16,21,0,93,4,2,0,0,2,1,233
National Archives and Records Administration,Agency Overall,2020,719,22404,15,1977,116,33,9,134,81,5,36,192,25721
Department of Education,Agency Overall,2020,309,1222,104,240,6,222,27,74,0,255,60,18,2537
Office of Navajo and Hopi Indian Relocation,Agency Overall,2020,23,0,0,0,0,2,0,0,0,0,0,0,25
Neighborhood Reinvestment Corporation,Agency Overall,2020,1,3,0,5,0,1,0,1,0,0,0,0,11
National Capital Planning Commission,Agency Overall,2020,3,1,0,5,0,0,0,0,0,0,0,0,9
National Labor Relations Board,Agency Overall,2020,226,837,48,70,0,128,28,18,10,1,27,0,1393
Department of the Treasury,Agency Overall,2020,3373,2311,516,926,211,479,55,182,1863,232,1099,13,11260
U.S. Railroad Retirement Board,Agency Overall,2020,51,0,9,15,1,0,1,0,0,2,1,0,80
Commission of Fine Arts,Agency Overall,2020,2,2,0,4,0,0,0,2,0,0,0,0,10
U.S. Commission on Civil Rights,Agency Overall,2020,5,3,0,29,2,0,0,2,0,1,0,0,42
United States Access Board,Agency Overall,2020,2,10,1,14,1,3,0,0,0,0,0,0,31
Office of the United States Trade Representative,Agency Overall,2020,25,82,3,38,1,1,0,5,0,0,0,0,155
Occupational Safety and Health Review Commission,Agency Overall,2020,26,13,0,32,0,37,0,0,0,0,0,0,108
Chemical Safety and Hazard Investigation Board,Agency Overall,2020,3,5,17,33,0,3,0,1,18,1,0,9,90
Office of the Director of National Intelligence,Agency Overall,2020,38,199,25,86,2,15,0,3,3,1,3,31,406
Federal Communications Commission,Agency Overall,2020,71,251,20,100,1,80,20,15,2,9,2,8,579
AmeriCorps,Agency Overall,2020,10,14,2,9,0,6,0,1,0,4,0,0,46
Department of Commerce,Agency Overall,2020,426,465,74,232,12,373,76,36,62,95,181,76,2108
Office of National Drug Control Policy,Agency Overall,2020,9,21,0,16,0,2,0,0,0,0,0,0,48
National Credit Union Administration,Agency Overall,2020,32,77,11,11,0,2,0,0,0,1,0,0,134
United States Copyright Office,Agency Overall,2020,2,2,0,12,29,0,0,3,0,7,0,0,55
Council of the Inspectors General on Integrity and Efficiency,Agency Overall,2020,6,32,3,12,1,4,0,3,7,0,2,10,80
Federal Mine Safety and Health Review Commission,Agency Overall,2020,28,3,0,3,0,1,0,0,3,1,0,0,39
Committee for Purchase from People Who Are Blind or Severely Disabled,Agency Overall,2020,1,0,0,2,0,0,0,0,0,0,0,0,3
United States Trade and Development Agency,Agency Overall,2020,1,1,0,6,0,0,0,0,0,0,0,0,8
U.S. International Development Finance Corporation,Agency Overall,2020,6,19,0,16,0,3,0,3,1,0,0,0,48
United States Postal Service,Agency Overall,2020,577,623,573,454,526,57,61,88,249,103,56,5,3372
Small Business Administration,Agency Overall,2020,1639,624,17,207,2,337,16,33,28,29,88,0,3020
Appraisal Subcommittee,Agency Overall,2020,2,0,0,1,0,1,0,3,0,0,0,0,7
Surface Transportation Board,Agency Overall,2020,10,3,1,11,0,3,0,1,0,0,0,0,29
Social Security Administration,Agency Overall,2020,4792,1659,310,732,69,48,332,47,59,71,24,0,8143
Marine Mammal Commission,Agency Overall,2020,3,0,0,1,0,0,0,0,0,0,0,0,4
Gulf Coast Ecosystem Restoration Council,Agency Overall,2020,4,0,0,0,0,0,0,0,0,0,0,0,4
National Mediation Board,Agency Overall,2020,17,0,0,0,0,0,0,0,0,0,0,0,17
National Transportation Safety Board,Agency Overall,2020,110,210,202,116,0,138,0,1,36,3,34,0,850
Office of Government Ethics,Agency Overall,2020,16,32,1,26,4,3,0,1,0,0,0,0,83
Office of Management and Budget,Agency Overall,2020,23,41,9,259,3,25,0,8,0,1,2,0,371
Farm Credit Administration,Agency Overall,2020,9,8,0,8,0,5,0,0,0,0,0,0,30
National Science Foundation,Agency Overall,2020,19,146,4,17,0,19,1,3,0,0,0,0,209
Merit Systems Protection Board,Agency Overall,2020,25,42,4,25,3,4,0,3,15,0,3,0,124
United States Institute of Peace,Agency Overall,2020,1,0,0,3,0,0,0,0,0,0,0,0,4
Social Security Advisory Board,Agency Overall,2020,4,0,0,0,0,0,0,0,0,0,0,0,4
Council on Environmental Quality,Agency Overall,2020,16,14,0,55,1,10,0,9,10,11,1,13,140
Administrative Conference of the United States,Agency Overall,2020,2,3,0,33,0,0,0,0,0,0,0,0,38
Office of Science and Technology Policy,Agency Overall,2020,2,33,0,9,0,24,0,0,0,0,0,0,68
U.S. Election Assistance Commission,Agency Overall,2020,8,2,0,11,0,0,0,0,0,0,0,0,21
Millennium Challenge Corporation,Agency Overall,2020,14,4,1,0,0,0,0,0,0,0,0,0,19
American Battle Monuments Commission,Agency Overall,2020,6,3,0,6,0,0,0,0,0,0,0,0,15
Federal Election Commission,Agency Overall,2020,36,49,6,44,0,5,0,4,2,1,0,1,148
Department of Health and Human Services,Agency Overall,2020,12365,4610,6669,3459,563,2591,955,336,2104,748,769,500,35669
Central Intelligence Agency,Agency Overall,2020,163,365,923,193,21,27,2,26,653,5,77,167,2622
Selective Service System,Agency Overall,2020,20,1,0,15,8,0,0,3,0,1,0,0,48
Defense Nuclear Facilities Safety Board,Agency Overall,2020,2,5,0,6,1,2,0,6,0,0,0,0,22
U.S. Interagency Council on Homelessness,Agency Overall,2020,14,1,0,0,0,0,0,0,0,0,0,0,15
Federal Trade Commission,Agency Overall,2020,329,467,117,114,1,16,11,38,31,5,33,46,1208
United States African Development Foundation,Agency Overall,2020,2,0,0,2,0,0,0,0,0,0,0,0,4
U.S. Nuclear Waste Technical Review Board,Agency Overall,2020,3,0,0,3,0,0,0,0,0,0,0,0,6
Department of Energy,Agency Overall,2020,273,297,14,491,71,182,11,12,14,32,19,0,1416
Department of Housing and Urban Development,Agency Overall,2020,394,357,103,263,11,243,26,18,27,10,84,298,1834
U.S. Agency for International Development,Agency Overall,2020,34,108,10,39,2,47,1,4,2,14,29,9,299
Department of Veterans Affairs,Agency Overall,2020,3094,7939,5342,1121,111,270,62,49,343,34,187,771,19323
U.S. Department of State,Agency Overall,2020,124,2618,1268,1209,18,97,0,572,262,603,103,167,7041
Court Services and Offender Supervision Agency,Agency Overall,2020,11,165,0,20,0,6,0,5,0,0,0,0,207
Institute of Museum and Library Services,Agency Overall,2020,21,9,0,9,0,0,0,0,0,2,0,1,42
National Endowment for the Arts,Agency Overall,2020,4,23,1,8,0,1,0,0,0,2,0,0,39
Equal Employment Opportunity Commission,Agency Overall,2020,1006,9482,1796,1135,63,169,4,57,641,173,566,6,15098
Export-Import Bank of the U.S.,Agency Overall,2020,20,40,3,26,0,1,1,5,0,0,0,0,96
Office of Personnel Management,Agency Overall,2020,7720,89,31,106,24,25,25,28,14,75,3,0,8140
Department of Labor,Agency Overall,2020,1947,5426,1752,3643,291,759,197,82,218,341,989,0,15645
Federal Mediation and Conciliation Service,Agency Overall,2020,14,9,0,17,0,4,0,0,8,4,0,0,56
Federal Deposit Insurance Corporation,Agency Overall,2020,50,52,16,28,0,19,8,41,68,64,14,0,360
National Aeronautics and Space Administration,Agency Overall,2020,129,215,33,122,7,38,60,93,32,19,21,64,833
Advisory Council on Historic Preservation,Agency Overall,2020,9,3,0,6,1,0,0,0,0,0,0,0,19
Postal Regulatory Commission,Agency Overall,2020,5,2,0,26,3,0,0,0,0,0,0,0,36
James Madison Memorial Fellowship Foundation,Agency Overall,2020,1,0,0,0,0,0,0,0,0,0,0,0,1
Peace Corps,Agency Overall,2020,58,48,2,12,9,69,0,0,6,3,0,0,207
Office of the Special Inspector General for Afghanistan Reconstruction,Agency Overall,2020,2,7,5,3,6,0,0,3,0,0,0,0,26
Harry S. Truman Scholarship Foundation,Agency Overall,2020,1,1,0,2,0,0,0,0,0,0,0,0,4
Department of Defense,Agency Overall,2020,12429,16980,2682,5839,2049,2199,246,962,1368,1876,1653,1723,50006
Environmental Protection Agency,Agency Overall,2020,3881,1457,64,945,8,730,50,226,17,32,233,22,7665
Federal Housing Finance Agency,Agency Overall,2020,14,40,12,35,0,3,0,2,9,1,0,0,116
National Council on Disability,Agency Overall,2020,1,3,0,7,0,0,0,0,0,5,0,0,16
Privacy and Civil Liberties Oversight Board,Agency Overall,2020,4,0,0,22,1,0,0,0,0,0,0,0,27
U.S. Agency for Global Media,Agency Overall,2020,4,7,1,12,0,3,0,1,0,0,0,0,28
Farm Credit System Insurance Corporation,Agency Overall,2020,1,3,0,6,0,1,0,0,0,0,0,0,11
National Endowment for the Humanities,Agency Overall,2020,15,88,0,13,0,15,0,0,0,0,0,0,131
National Council on Disability,Agency Overall,2021,1,1,0,6,0,0,0,0,0,5,0,0,13
United States Copyright Office,Agency Overall,2021,1,3,0,13,14,0,0,12,0,4,0,0,47
Federal Financial Institutions Examination Council,Agency Overall,2021,0,1,1,9,0,0,0,0,1,0,0,0,12
National Credit Union Administration,Agency Overall,2021,32,75,9,20,0,5,2,0,1,0,0,0,144
Pension Benefit Guaranty Corporation,Agency Overall,2021,2724,358,81,146,0,54,4,5,25,4,80,0,3481
Commission of Fine Arts,Agency Overall,2021,2,5,0,7,0,0,0,3,0,0,0,0,17
United States African Development Foundation,Agency Overall,2021,1,0,0,0,0,0,0,0,0,0,0,0,1
Consumer Product Safety Commission,Agency Overall,2021,92,149,98,87,9,29,0,31,7,0,18,28,548
Council on Environmental Quality,Agency Overall,2021,21,24,0,48,0,9,0,14,5,4,1,4,130
Council of the Inspectors General on Integrity and Efficiency,Agency Overall,2021,2,44,12,19,3,11,0,9,3,1,1,4,109
Harry S. Truman Scholarship Foundation,Agency Overall,2021,0,0,0,1,0,0,0,0,0,0,0,0,1
AmeriCorps,Agency Overall,2021,12,23,3,4,0,4,0,0,0,0,0,0,46
Advisory Council on Historic Preservation,Agency Overall,2021,3,1,0,4,0,2,0,0,6,0,0,0,16
Federal Mediation and Conciliation Service,Agency Overall,2021,5,3,3,5,0,2,0,0,1,0,0,0,19
U.S. Agency for Global Media,Agency Overall,2021,18,21,1,30,2,2,0,0,0,3,0,0,77
Office of the United States Trade Representative,Agency Overall,2021,10,58,0,26,1,0,0,2,0,0,0,0,97
Social Security Advisory Board,Agency Overall,2021,3,0,0,4,1,0,0,0,0,0,0,0,8
National Endowment for the Humanities,Agency Overall,2021,8,35,2,11,0,0,0,4,1,0,0,0,61
Marine Mammal Commission,Agency Overall,2021,7,1,0,0,0,0,0,0,0,0,0,0,8
Administrative Conference of the United States,Agency Overall,2021,6,3,0,32,0,0,0,0,0,0,0,0,41
Legal Services Corporation,Agency Overall,2021,10,4,0,6,0,2,0,0,0,0,0,0,22
Surface Transportation Board,Agency Overall,2021,12,2,1,20,0,2,0,3,2,0,0,0,42
Department of the Interior,Agency Overall,2021,1335,1521,195,1126,31,456,158,116,109,32,249,446,5774
Office of Special Counsel,Agency Overall,2021,17,89,15,16,5,21,0,0,2,1,3,0,169
Office of Science and Technology Policy,Agency Overall,2021,12,42,0,23,0,2,0,12,7,0,2,0,100
Federal Energy Regulatory Commission,Agency Overall,2021,5,17,9,4,0,0,0,0,0,0,0,0,35
Armed Forces Retirement Home,Agency Overall,2021,4,3,0,2,0,0,0,0,0,0,0,0,9
U.S. Agency for International Development,Agency Overall,2021,27,122,13,47,4,42,1,8,19,5,2,7,297
Department of Education,Agency Overall,2021,293,1160,57,227,6,129,7,72,0,265,66,10,2292
Department of Health and Human Services,Agency Overall,2021,11103,4324,5494,3481,708,2816,460,200,2332,1052,866,116,32952
Department of Housing and Urban Development,Agency Overall,2021,253,334,79,290,7,736,19,29,59,14,59,214,2093
Federal Mine Safety and Health Review Commission,Agency Overall,2021,26,4,0,5,0,0,0,1,1,0,0,3,40
U.S. Interagency Council on Homelessness,Agency Overall,2021,0,0,0,0,0,0,0,0,0,0,0,0,0
United States International Boundary and Water Commission,Agency Overall,2021,2,12,0,4,0,0,0,0,0,0,0,0,18
Gulf Coast Ecosystem Restoration Council,Agency Overall,2021,4,0,0,0,0,0,0,0,0,0,0,0,4
U.S. Commission on Civil Rights,Agency Overall,2021,8,0,1,29,2,4,0,1,0,0,0,0,45
Committee for Purchase from People Who Are Blind or Severely Disabled,Agency Overall,2021,8,0,0,0,0,0,0,0,0,0,0,0,8
Institute of Museum and Library Services,Agency Overall,2021,19,7,1,5,0,0,0,0,0,6,0,3,41
Federal Retirement Thrift Investment Board,Agency Overall,2021,12,11,0,8,1,2,0,0,8,0,0,0,42
Equal Employment Opportunity Commission,Agency Overall,2021,1481,10495,1383,965,54,83,3,442,497,33,609,3,16048
U.S. Commission for the Preservation of America’s Heritage Abroad,Agency Overall,2021,0,0,0,3,0,0,0,0,0,0,0,0,3
Millennium Challenge Corporation,Agency Overall,2021,3,8,2,8,0,0,0,0,2,0,0,0,23
James Madison Memorial Fellowship Foundation,Agency Overall,2021,8,0,0,0,0,0,0,0,0,0,0,0,8
Office of the Special Inspector General for Afghanistan Reconstruction,Agency Overall,2021,1,3,1,6,1,0,0,1,0,0,0,0,13
Department of Justice,Agency Overall,2021,25709,10292,2940,14998,291,1238,605,830,15018,548,1644,1398,75511
Office of the Director of National Intelligence,Agency Overall,2021,69,225,60,167,7,13,0,7,1,32,2,68,651
Selective Service System,Agency Overall,2021,17,5,1,16,0,0,0,0,0,0,0,0,39
Federal Open Market Committee,Agency Overall,2021,15,2,2,2,8,0,0,6,1,0,0,0,36
General Services Administration,Agency Overall,2021,201,580,15,118,27,80,61,78,15,93,26,0,1294
National Endowment for the Arts,Agency Overall,2021,12,17,3,7,0,1,0,0,0,1,0,0,41
Federal Labor Relations Authority,Agency Overall,2021,15,30,2,3,0,2,1,2,0,42,0,0,97
U.S. Department of State,Agency Overall,2021,258,4401,1859,1624,31,91,0,637,184,362,58,0,9505
National Aeronautics and Space Administration,Agency Overall,2021,126,165,27,131,9,26,27,141,24,15,20,64,775
Denali Commission,Agency Overall,2021,9,0,0,0,0,0,0,0,0,0,0,0,9
U.S. Election Assistance Commission,Agency Overall,2021,11,11,0,21,0,2,0,0,0,0,0,0,45
U.S. Railroad Retirement Board,Agency Overall,2021,50,0,12,2,2,2,0,0,0,1,0,1,70
Social Security Administration,Agency Overall,2021,8064,3577,961,897,271,31,539,102,80,104,36,0,14662
Central Intelligence Agency,Agency Overall,2021,160,360,1275,309,21,7,0,20,599,2,60,57,2870
United States Postal Service,Agency Overall,2021,734,745,801,507,633,199,80,353,533,167,153,0,4905
National Labor Relations Board,Agency Overall,2021,256,928,23,85,1,80,13,10,0,1,14,0,1411
Privacy and Civil Liberties Oversight Board,Agency Overall,2021,2,0,0,16,2,0,0,8,0,0,0,0,28
U.S. International Development Finance Corporation,Agency Overall,2021,16,25,1,11,0,5,0,2,0,0,1,0,61
Farm Credit Administration,Agency Overall,2021,15,24,1,15,0,0,0,0,0,0,0,0,55
Department of Veterans Affairs,Agency Overall,2021,10375,9121,5510,2397,250,269,108,112,509,34,168,1374,30227
Farm Credit System Insurance Corporation,Agency Overall,2021,2,2,0,1,0,0,0,0,0,0,0,0,5
United States International Trade Commission,Agency Overall,2021,3,7,3,11,0,1,0,0,0,0,0,0,25
National Capital Planning Commission,Agency Overall,2021,2,1,1,4,0,0,0,0,0,0,0,0,8
Office of Government Ethics,Agency Overall,2021,19,44,2,34,1,7,1,1,0,0,0,0,109
National Railroad Passenger Corporation,Agency Overall,2021,15,3,2,3,0,1,0,2,0,1,0,0,27
Appraisal Subcommittee,Agency Overall,2021,2,3,1,6,0,0,0,1,0,0,0,0,13
Department of Energy,Agency Overall,2021,273,319,14,506,61,148,6,14,4,36,27,0,1408
Occupational Safety and Health Review Commission,Agency Overall,2021,47,10,0,26,0,65,0,0,0,0,0,0,148
Inter-American Foundation,Agency Overall,2021,2,2,0,2,0,0,0,0,0,0,0,1,7
Court Services and Offender Supervision Agency,Agency Overall,2021,15,71,1,8,0,3,0,1,0,0,0,0,99
Federal Housing Finance Agency,Agency Overall,2021,5,57,10,37,2,8,0,2,3,0,0,0,124
Office of Personnel Management,Agency Overall,2021,239,125,17,138,7,40,18,10,29,191,28,0,842
Postal Regulatory Commission,Agency Overall,2021,5,2,0,16,0,0,0,0,0,0,0,4,27
Department of Transportation,Agency Overall,2021,4833,5136,179,2203,166,1108,603,108,189,79,105,45,14754
Presidio Trust,Agency Overall,2021,3,9,1,5,1,0,4,0,0,0,0,0,23
Environmental Protection Agency,Agency Overall,2021,3038,1129,40,1025,3,777,53,149,538,27,143,21,6943
National Mediation Board,Agency Overall,2021,19,0,0,0,0,0,0,0,0,0,0,0,19
American Battle Monuments Commission,Agency Overall,2021,3,4,0,11,0,0,0,1,0,0,0,0,19
National Transportation Safety Board,Agency Overall,2021,54,154,142,116,1,10,0,1,48,16,42,0,584
Federal Deposit Insurance Corporation,Agency Overall,2021,37,66,17,20,0,14,11,34,55,32,9,0,295
Federal Communications Commission,Agency Overall,2021,85,226,18,122,1,55,10,2,6,3,8,1,537
Small Business Administration,Agency Overall,2021,7288,737,115,397,5,1147,8,60,4494,39,948,0,15238
Department of Commerce,Agency Overall,2021,501,352,62,217,24,388,67,40,92,134,122,196,2195
Office of National Drug Control Policy,Agency Overall,2021,10,25,0,11,0,0,0,0,0,0,0,0,46
Consumer Financial Protection Bureau,Agency Overall,2021,41,175,19,52,1,44,0,6,6,20,2,0,366
Peace Corps,Agency Overall,2021,45,49,3,12,8,8,0,4,1,2,0,0,132
Office of Navajo and Hopi Indian Relocation,Agency Overall,2021,17,0,0,0,0,0,0,0,0,0,0,0,17
National Science Foundation,Agency Overall,2021,23,158,5,20,10,30,0,3,7,0,1,0,257
Department of Agriculture,Agency Overall,2021,16829,2433,249,906,139,788,39,48,100,60,152,72,21815
Department of Labor,Agency Overall,2021,2246,5335,1993,2512,214,654,226,76,144,105,517,0,14022
Commodity Futures Trading Commission,Agency Overall,2021,36,41,20,25,0,9,4,3,4,2,0,0,144
United States Institute of Peace,Agency Overall,2021,6,0,0,2,0,0,0,0,0,0,0,0,8
Department of the Treasury,Agency Overall,2021,3027,2334,360,649,212,546,69,192,1909,207,1181,69,10755
Chemical Safety and Hazard Investigation Board,Agency Overall,2021,2,0,22,70,1,5,0,29,4,1,0,0,134
Nuclear Regulatory Commission,Agency Overall,2021,56,60,4,30,0,38,18,4,8,9,2,0,229
Federal Maritime Commission,Agency Overall,2021,10,1,2,12,0,0,0,2,0,0,0,0,27
Neighborhood Reinvestment Corporation,Agency Overall,2021,0,0,0,2,0,0,0,0,0,0,1,0,3
Merit Systems Protection Board,Agency Overall,2021,44,50,3,46,3,6,0,6,11,0,0,2,171
National Archives and Records Administration,Agency Overall,2021,5276,61,7,931,113,34,24,191,102,14,22,92,6867
Securities and Exchange Commission,Agency Overall,2021,3883,787,1006,5574,80,492,23,25,33,68,200,0,12171
Federal Reserve System,Agency Overall,2021,272,96,17,73,9,28,11,23,55,59,8,3,654
Federal Election Commission,Agency Overall,2021,30,31,8,35,0,1,0,4,1,0,0,0,110
Office of Management and Budget,Agency Overall,2021,21,24,1,96,0,121,0,13,0,2,0,0,278
United States Trade and Development Agency,Agency Overall,2021,1,3,0,5,0,1,0,0,0,0,0,0,10
U.S. Nuclear Waste Technical Review Board,Agency Overall,2021,0,0,0,3,0,0,0,0,0,2,0,0,5
United States Access Board,Agency Overall,2021,1,2,0,5,0,0,0,0,0,0,0,0,8
Federal Trade Commission,Agency Overall,2021,494,412,128,145,5,19,7,31,49,15,26,44,1375
National Indian Gaming Commission,Agency Overall,2021,13,6,0,10,0,0,0,0,1,0,0,0,30
Morris K. Udall and Stewart L. Udall Foundation,Agency Overall,2021,0,0,0,0,0,0,0,1,0,0,0,0,1
Department of Defense,Agency Overall,2021,12681,16502,3002,5723,2139,2025,248,1065,1472,1529,1933,2384,50703
Tennessee Valley Authority,Agency Overall,2021,77,73,14,29,1,7,10,1,1,0,2,0,215
Export-Import Bank of the U.S.,Agency Overall,2021,17,24,2,10,0,2,0,0,0,0,0,0,55
Department of Homeland Security,Agency Overall,2021,40491,249515,12553,122389,3745,1604,45,1061,19835,2124,12870,1115,467347
Defense Nuclear Facilities Safety Board,Agency Overall,2021,3,8,0,2,0,1,0,4,0,0,0,0,18
Department of Veterans Affairs,Agency Overall,2022,5429,9486,3693,2072,147,208,148,1070,365,27,206,1492,24343
Central Intelligence Agency,Agency Overall,2022,139,255,725,196,6,105,1,214,370,3,44,37,2095
Commission of Fine Arts,Agency Overall,2022,2,2,0,7,0,0,0,6,0,0,0,0,17
National Science Foundation,Agency Overall,2022,22,125,6,14,11,16,0,0,8,0,0,0,202
Department of Justice,Agency Overall,2022,25157,9260,3043,17138,367,1774,88,883,20052,465,3226,1415,82868
Federal Maritime Commission,Agency Overall,2022,5,11,0,20,0,1,0,0,0,1,0,0,38
Advisory Council on Historic Preservation,Agency Overall,2022,10,1,0,3,0,0,0,2,7,14,0,0,37
General Services Administration,Agency Overall,2022,250,546,23,166,8,168,47,51,6,39,56,0,1360
Occupational Safety and Health Review Commission,Agency Overall,2022,16,11,0,14,0,49,0,2,0,0,0,0,92
Federal Retirement Thrift Investment Board,Agency Overall,2022,9,12,1,15,0,2,0,0,7,0,1,0,47
Office of Science and Technology Policy,Agency Overall,2022,6,45,0,10,0,1,0,2,0,0,1,0,65
United States Trade and Development Agency,Agency Overall,2022,10,3,0,3,0,0,0,0,0,0,0,0,16
National Aeronautics and Space Administration,Agency Overall,2022,125,215,33,115,23,35,50,104,83,11,127,61,982
Court Services and Offender Supervision Agency,Agency Overall,2022,11,110,3,108,0,6,1,1,29,0,10,0,279
Federal Mediation and Conciliation Service,Agency Overall,2022,13,10,3,14,0,11,0,1,0,1,0,0,53
Marine Mammal Commission,Agency Overall,2022,3,0,0,4,0,0,0,3,0,0,0,0,10
Appraisal Subcommittee,Agency Overall,2022,5,1,0,6,0,0,0,2,0,2,0,0,16
U.S. Nuclear Waste Technical Review Board,Agency Overall,2022,0,0,0,0,4,0,0,0,0,4,0,0,8
Office of Management and Budget,Agency Overall,2022,22,61,0,77,3,64,0,13,0,83,0,0,323
Morris K. Udall and Stewart L. Udall Foundation,Agency Overall,2022,1,0,0,2,0,0,0,0,0,0,0,0,3
Chemical Safety and Hazard Investigation Board,Agency Overall,2022,1,1,9,54,0,2,0,18,7,0,202,0,294
Federal Housing Finance Agency,Agency Overall,2022,8,25,1,38,0,0,0,0,0,1,0,0,73
United States Postal Service,Agency Overall,2022,467,700,653,452,672,148,65,158,432,116,123,0,3986
Department of the Interior,Agency Overall,2022,1608,1584,155,1059,38,658,75,128,160,41,270,406,6182
Tennessee Valley Authority,Agency Overall,2022,62,83,13,33,0,11,6,3,1,3,2,0,217
Harry S. Truman Scholarship Foundation,Agency Overall,2022,2,0,0,2,0,0,0,0,0,0,0,0,4
Millennium Challenge Corporation,Agency Overall,2022,4,6,3,9,0,0,0,0,0,1,0,0,23
Privacy and Civil Liberties Oversight Board,Agency Overall,2022,0,0,0,23,0,0,0,12,4,0,0,0,39
Presidio Trust,Agency Overall,2022,0,4,0,2,0,1,2,0,0,0,0,0,9
Export-Import Bank of the U.S.,Agency Overall,2022,22,37,1,20,0,2,0,8,0,0,0,0,90
Committee for Purchase from People Who Are Blind or Severely Disabled,Agency Overall,2022,2,0,0,0,0,0,0,0,0,0,0,0,2
U.S. Department of State,Agency Overall,2022,82,4258,1866,1522,57,44,0,618,262,342,61,55,9167
Farm Credit Administration,Agency Overall,2022,6,14,0,16,0,1,0,0,0,0,0,0,37
U.S. Commission on Civil Rights,Agency Overall,2022,17,1,0,35,0,2,0,0,5,0,0,0,60
Social Security Administration,Agency Overall,2022,5929,2479,1193,1032,196,25,740,87,59,27,44,0,11811
National Indian Gaming Commission,Agency Overall,2022,19,14,1,14,0,1,0,0,0,0,0,0,49
United States African Development Foundation,Agency Overall,2022,0,0,0,0,0,0,0,0,0,0,0,0,0
National Credit Union Administration,Agency Overall,2022,30,60,7,12,0,4,0,1,0,1,0,0,115
AmeriCorps,Agency Overall,2022,17,20,1,3,0,3,0,0,0,0,0,4,48
U.S. Election Assistance Commission,Agency Overall,2022,13,17,1,33,0,8,0,0,0,0,0,0,72
Federal Deposit Insurance Corporation,Agency Overall,2022,60,103,23,29,1,16,14,105,54,87,10,0,502
Office of National Drug Control Policy,Agency Overall,2022,13,30,0,18,0,3,1,0,0,0,0,0,65
Office of Navajo and Hopi Indian Relocation,Agency Overall,2022,15,0,0,0,0,0,0,0,0,0,0,0,15
Council on Environmental Quality,Agency Overall,2022,26,20,0,44,0,5,0,8,8,10,0,3,124
Merit Systems Protection Board,Agency Overall,2022,29,40,7,34,0,3,0,7,6,2,2,0,130
Office of Special Counsel,Agency Overall,2022,19,63,13,11,0,18,0,3,2,5,6,0,140
Office of the Special Inspector General for Afghanistan Reconstruction,Agency Overall,2022,5,4,2,6,2,2,0,0,0,0,0,0,21
Peace Corps,Agency Overall,2022,32,47,2,20,9,4,0,20,18,3,1,0,156
Council of the Inspectors General on Integrity and Efficiency,Agency Overall,2022,6,33,6,13,2,7,0,1,7,0,0,8,83
Gulf Coast Ecosystem Restoration Council,Agency Overall,2022,5,0,0,0,0,0,0,0,0,0,0,0,5
Federal Trade Commission,Agency Overall,2022,433,507,137,180,0,32,10,34,170,12,13,51,1579
Department of Labor,Agency Overall,2022,2346,5182,1869,3075,224,663,235,0,0,135,606,0,14335
Federal Communications Commission,Agency Overall,2022,99,190,13,90,0,81,7,1,7,2,17,1,508
James Madison Memorial Fellowship Foundation,Agency Overall,2022,4,0,0,0,0,0,0,0,0,0,0,0,4
Nuclear Regulatory Commission,Agency Overall,2022,46,60,6,24,3,28,4,15,4,26,3,0,219
U.S. Interagency Council on Homelessness,Agency Overall,2022,0,0,0,0,0,0,0,0,0,0,0,10,10
United States International Trade Commission,Agency Overall,2022,2,21,6,18,1,10,0,0,0,2,0,0,60
Institute of Museum and Library Services,Agency Overall,2022,4,5,2,6,0,1,0,0,4,9,0,0,31
National Labor Relations Board,Agency Overall,2022,475,1131,55,83,0,122,30,13,9,0,22,0,1940
Denali Commission,Agency Overall,2022,7,0,0,0,0,0,0,0,0,0,0,0,7
Federal Reserve System,Agency Overall,2022,251,89,43,84,4,25,6,12,69,63,10,2,658
Inter-American Foundation,Agency Overall,2022,3,1,1,4,0,0,0,0,0,0,0,0,9
Neighborhood Reinvestment Corporation,Agency Overall,2022,2,1,0,3,0,0,0,1,0,0,0,0,7
National Transportation Safety Board,Agency Overall,2022,31,39,157,120,0,23,0,1,98,5,26,0,500
Federal Financial Institutions Examination Council,Agency Overall,2022,7,3,0,0,0,0,0,0,0,0,0,0,10
National Archives and Records Administration,Agency Overall,2022,823,10457,31,2513,82,244,54,142,280,39,67,245,14977
Selective Service System,Agency Overall,2022,26,0,0,22,0,0,0,0,0,0,0,0,48
United States Copyright Office,Agency Overall,2022,8,3,0,13,14,4,0,1,0,14,0,0,57
Department of Transportation,Agency Overall,2022,8828,6086,167,2397,77,814,45,45,40,89,362,8,18958
Office of the Director of National Intelligence,Agency Overall,2022,38,153,44,106,2,3,0,4,1,32,2,44,429
Social Security Advisory Board,Agency Overall,2022,0,0,0,10,0,0,0,0,0,0,0,0,10
National Capital Planning Commission,Agency Overall,2022,4,0,0,2,0,0,0,0,0,0,0,0,6
Pension Benefit Guaranty Corporation,Agency Overall,2022,3129,287,54,235,3,57,0,11,26,17,58,0,3877
Department of Agriculture,Agency Overall,2022,12652,2319,189,767,105,679,41,57,78,33,184,62,17166
Farm Credit System Insurance Corporation,Agency Overall,2022,0,9,0,9,0,0,0,0,0,0,0,0,18
Department of Housing and Urban Development,Agency Overall,2022,307,448,121,380,18,501,14,22,77,29,101,13,2031
Department of Energy,Agency Overall,2022,317,314,17,569,52,138,9,25,19,21,30,0,1511
Department of Health and Human Services,Agency Overall,2022,11227,4093,4906,5509,648,2895,614,398,4491,1128,1156,176,37241
Office of Personnel Management,Agency Overall,2022,130,65,62,105,9,76,5,6,14,25,11,0,508
Defense Nuclear Facilities Safety Board,Agency Overall,2022,4,3,0,6,1,0,0,11,0,0,0,0,25
National Council on Disability,Agency Overall,2022,2,4,0,7,0,0,0,0,0,3,0,0,16
Small Business Administration,Agency Overall,2022,3994,1395,138,338,8,169,13,4299,0,0,474,0,10828
Armed Forces Retirement Home,Agency Overall,2022,2,3,1,1,0,0,0,0,0,0,0,0,7
Office of the United States Trade Representative,Agency Overall,2022,16,36,1,17,0,2,0,1,0,0,0,0,73
Consumer Product Safety Commission,Agency Overall,2022,90,138,86,64,15,24,0,13,0,10,7,74,521
Department of Defense,Agency Overall,2022,14171,16739,2766,5859,1773,2473,316,1014,1836,1317,1982,1976,52222
Federal Election Commission,Agency Overall,2022,31,34,7,34,0,1,0,1,5,5,0,0,118
Equal Employment Opportunity Commission,Agency Overall,2022,1247,8148,1225,821,38,92,3,125,473,244,844,3,13263
Federal Open Market Committee,Agency Overall,2022,4,3,1,3,15,1,0,1,2,1,0,0,31
Environmental Protection Agency,Agency Overall,2022,2089,927,51,960,3,717,63,123,1586,11,96,4,6630
U.S. Railroad Retirement Board,Agency Overall,2022,36,0,12,13,1,0,0,2,0,0,0,0,64
Administrative Conference of the United States,Agency Overall,2022,5,0,0,22,0,0,0,0,0,0,0,0,27
Commodity Futures Trading Commission,Agency Overall,2022,22,50,22,30,3,6,2,42,7,2,0,16,202
U.S. Commission for the Preservation of America’s Heritage Abroad,Agency Overall,2022,0,2,0,0,0,0,0,0,0,0,0,0,2
Postal Regulatory Commission,Agency Overall,2022,3,4,0,24,0,0,0,0,0,0,1,14,46
United States Access Board,Agency Overall,2022,0,2,1,8,0,0,0,0,0,0,0,0,11
Department of Education,Agency Overall,2022,106,521,43,135,6,116,7,129,0,267,95,37,1462
Federal Permitting Improvement Steering Council,Agency Overall,2022,1,0,0,2,0,0,0,0,0,0,0,0,3
National Mediation Board,Agency Overall,2022,7,4,0,8,0,0,0,0,0,0,0,0,19
U.S. International Development Finance Corporation,Agency Overall,2022,5,29,0,8,0,2,0,0,0,0,0,0,44
United States Institute of Peace,Agency Overall,2022,4,1,0,0,0,0,0,0,0,0,0,0,5
Securities and Exchange Commission,Agency Overall,2022,2359,612,949,5120,64,420,14,45,43,84,146,0,9856
American Battle Monuments Commission,Agency Overall,2022,4,1,0,18,0,0,0,3,2,1,0,0,29
United States International Boundary and Water Commission,Agency Overall,2022,9,13,0,7,0,1,0,1,0,0,0,0,31
National Endowment for the Humanities,Agency Overall,2022,3,28,0,14,0,3,0,1,1,0,0,0,50
Federal Energy Regulatory Commission,Agency Overall,2022,10,41,12,16,0,5,0,0,0,0,0,0,84
Legal Services Corporation,Agency Overall,2022,11,7,0,7,0,4,0,0,0,0,0,0,29
Consumer Financial Protection Bureau,Agency Overall,2022,58,89,26,43,1,55,0,8,8,88,4,0,380
Department of Commerce,Agency Overall,2022,321,362,65,323,8,136,56,102,105,181,68,47,1774
U.S. Agency for International Development,Agency Overall,2022,40,114,8,35,2,52,10,7,26,18,6,12,330
Surface Transportation Board,Agency Overall,2022,13,9,2,57,0,2,1,4,0,0,1,0,89
Department of the Treasury,Agency Overall,2022,2991,2257,383,733,94,502,21,169,2113,178,944,46,10431
National Endowment for the Arts,Agency Overall,2022,12,18,1,8,1,0,0,1,0,0,0,0,41
Department of Homeland Security,Agency Overall,2022,44490,250545,13190,133055,4473,2732,122,749,32963,4751,18000,962,506032
Office of the Intellectual Property Enforcement Coordinator,Agency Overall,2022,0,0,0,0,0,0,0,0,0,0,0,0,0
Office of Government Ethics,Agency Overall,2022,17,14,3,73,4,14,0,0,0,0,0,0,125
Federal Mine Safety and Health Review Commission,Agency Overall,2022,23,13,0,9,0,3,0,0,4,0,0,0,52
National Railroad Passenger Corporation,Agency Overall,2022,38,34,40,28,3,8,0,1,5,2,5,0,164
Federal Labor Relations Authority,Agency Overall,2022,11,41,0,25,0,1,0,5,0,52,1,0,136
Federal Reserve System,Agency Overall,2023,233,67,43,109,4,26,5,16,143,56,22,15,739
Federal Mediation and Conciliation Service,Agency Overall,2023,14,13,3,15,0,3,0,0,1,0,0,0,49
Commodity Futures Trading Commission,Agency Overall,2023,53,47,16,35,4,0,0,64,38,7,5,22,291
Consumer Product Safety Commission,Agency Overall,2023,174,175,107,71,20,216,4,21,23,15,18,0,844
Administrative Conference of the United States,Agency Overall,2023,8,5,0,29,0,1,0,0,0,0,0,0,43
Farm Credit Administration,Agency Overall,2023,17,17,0,12,0,2,0,0,0,0,0,0,48
Nuclear Regulatory Commission,Agency Overall,2023,45,61,9,23,1,19,17,11,7,7,5,2,207
National Transportation Safety Board,Agency Overall,2023,34,95,188,122,1,33,0,3,100,0,25,0,601
Department of Veterans Affairs,Agency Overall,2023,7301,52477,4042,1380,239,323,248,2121,413,33,628,3198,72403
Department of Homeland Security,Agency Overall,2023,37713,245237,13039,180467,13154,3584,143,1341,53797,12892,18068,770,580205
Office of Management and Budget,Agency Overall,2023,22,52,3,69,4,100,0,16,0,92,4,0,362
Social Security Administration,Agency Overall,2023,4694,1995,1651,724,153,34,760,81,113,34,66,0,10305
U.S. Election Assistance Commission,Agency Overall,2023,7,77,0,6,0,1,0,0,0,0,0,0,91
Office of Personnel Management,Agency Overall,2023,80,135,16,85,8,56,5,16,20,156,9,0,586
National Indian Gaming Commission,Agency Overall,2023,17,7,3,12,0,6,0,0,0,0,0,0,45
Office of the Special Inspector General for Afghanistan Reconstruction,Agency Overall,2023,4,15,1,6,0,0,0,0,0,0,0,0,26
Peace Corps,Agency Overall,2023,42,70,2,31,7,8,0,12,111,7,11,0,301
Court Services and Offender Supervision Agency,Agency Overall,2023,16,126,0,146,0,12,0,3,36,0,3,0,342
Office of National Drug Control Policy,Agency Overall,2023,5,10,1,19,0,1,0,0,0,0,0,0,36
Department of Energy,Agency Overall,2023,349,364,32,597,97,191,15,34,37,34,40,0,1790
National Endowment for the Humanities,Agency Overall,2023,3,10,1,12,0,3,0,1,0,0,0,0,30
National Railroad Passenger Corporation,Agency Overall,2023,150,85,101,63,18,86,0,26,6,6,9,0,550
Occupational Safety and Health Review Commission,Agency Overall,2023,22,18,0,13,0,84,0,0,0,0,0,0,137
Committee for Purchase from People Who Are Blind or Severely Disabled,Agency Overall,2023,45,1,0,0,0,0,0,0,0,0,0,0,46
Institute of Museum and Library Services,Agency Overall,2023,5,13,0,2,0,1,0,10,3,7,0,0,41
National Science Foundation,Agency Overall,2023,18,97,3,10,10,14,1,2,3,0,0,0,158
Department of Commerce,Agency Overall,2023,442,290,88,266,53,200,81,84,206,194,105,84,2093
Department of Defense,Agency Overall,2023,14933,17148,2764,7370,2274,2642,253,1021,1924,2123,1827,1452,55731
Morris K. Udall and Stewart L. Udall Foundation,Agency Overall,2023,3,2,0,6,0,6,0,2,0,0,0,0,19
Department of the Interior,Agency Overall,2023,1666,1736,161,1013,284,652,108,168,626,85,283,606,7388
National Archives and Records Administration,Agency Overall,2023,899,54428,26,6806,124,3006,23,246,147,77,78,204,66064
Department of Labor,Agency Overall,2023,2493,4641,1857,2673,232,604,356,400,154,181,628,0,14219
U.S. Interagency Council on Homelessness,Agency Overall,2023,1,0,0,0,0,0,0,0,0,0,0,0,1
Office of Navajo and Hopi Indian Relocation,Agency Overall,2023,27,0,0,0,0,0,0,0,0,0,0,0,27
Office of Science and Technology Policy,Agency Overall,2023,4,29,1,11,0,0,0,0,0,0,0,0,45
Advisory Council on Historic Preservation,Agency Overall,2023,12,0,0,0,0,0,0,0,0,0,0,0,12
U.S. International Development Finance Corporation,Agency Overall,2023,2,17,0,9,0,1,0,1,0,0,0,0,30
Office of Special Counsel,Agency Overall,2023,15,41,9,15,4,13,0,0,0,5,1,0,103
Federal Open Market Committee,Agency Overall,2023,3,4,0,1,3,0,0,0,4,5,0,0,20
Department of Agriculture,Agency Overall,2023,10931,2284,228,1057,170,613,46,150,173,51,450,89,16242
Environmental Protection Agency,Agency Overall,2023,2149,1139,51,1145,8,681,101,125,1176,32,141,29,6777
Millennium Challenge Corporation,Agency Overall,2023,12,13,6,9,0,0,0,6,0,0,0,0,46
Appraisal Subcommittee,Agency Overall,2023,4,0,1,14,0,1,0,5,0,3,1,0,29
Federal Maritime Commission,Agency Overall,2023,13,8,2,15,0,0,0,1,0,0,0,0,39
Farm Credit System Insurance Corporation,Agency Overall,2023,3,14,0,4,0,2,0,1,0,0,0,0,24
General Services Administration,Agency Overall,2023,216,349,15,84,1,105,59,63,16,568,34,0,1510
Federal Financial Institutions Examination Council,Agency Overall,2023,3,1,0,13,0,0,0,0,1,0,0,0,18
Defense Nuclear Facilities Safety Board,Agency Overall,2023,5,3,0,6,1,1,0,2,15,3,1,0,37
Neighborhood Reinvestment Corporation,Agency Overall,2023,8,3,0,1,0,0,0,2,2,0,0,0,16
Inter-American Foundation,Agency Overall,2023,4,3,2,10,0,0,0,0,0,0,0,0,19
Export-Import Bank of the U.S.,Agency Overall,2023,16,35,5,20,0,4,0,14,0,0,0,0,94
Office of the United States Trade Representative,Agency Overall,2023,8,26,0,25,0,0,0,3,0,0,0,0,62
Central Intelligence Agency,Agency Overall,2023,79,184,534,125,13,10,3,207,352,2,33,25,1567
U.S. Department of State,Agency Overall,2023,372,5676,1767,2488,44,490,0,145,1182,155,257,0,12576
Federal Election Commission,Agency Overall,2023,19,13,9,42,0,2,0,3,0,0,0,0,88
United States Trade and Development Agency,Agency Overall,2023,22,2,5,20,0,0,0,1,2,0,2,26,80
Merit Systems Protection Board,Agency Overall,2023,44,35,4,46,0,8,0,26,2,0,2,0,167
U.S. Nuclear Waste Technical Review Board,Agency Overall,2023,1,1,0,2,0,0,0,1,0,1,0,0,6
Federal Retirement Thrift Investment Board,Agency Overall,2023,13,13,1,6,3,3,0,4,32,0,1,0,76
Legal Services Corporation,Agency Overall,2023,5,7,2,5,0,3,0,0,0,0,0,0,22
AmeriCorps,Agency Overall,2023,9,28,6,2,0,3,0,0,0,1,0,0,49
United States Postal Service,Agency Overall,2023,447,749,597,466,570,158,57,104,550,295,108,3,4104
Chemical Safety and Hazard Investigation Board,Agency Overall,2023,0,0,0,17,0,1,0,41,2,0,0,0,61
Privacy and Civil Liberties Oversight Board,Agency Overall,2023,0,2,0,22,0,0,0,2,13,0,0,0,39
National Credit Union Administration,Agency Overall,2023,41,58,12,26,0,7,0,6,0,1,2,0,153
National Council on Disability,Agency Overall,2023,3,0,0,2,0,0,0,0,0,0,0,0,5
Council on Environmental Quality,Agency Overall,2023,23,22,1,49,0,4,0,13,1,7,2,10,132
Federal Permitting Improvement Steering Council,Agency Overall,2023,1,7,0,1,0,0,0,2,0,2,0,0,13
Surface Transportation Board,Agency Overall,2023,10,4,1,82,0,2,2,3,2,1,2,0,109
Social Security Advisory Board,Agency Overall,2023,2,0,0,17,0,0,0,0,0,0,0,0,19
Selective Service System,Agency Overall,2023,42,4,0,3,0,0,0,0,0,0,0,0,49
American Battle Monuments Commission,Agency Overall,2023,9,0,1,12,0,0,0,4,1,0,0,0,27
U.S. Commission for the Preservation of America’s Heritage Abroad,Agency Overall,2023,0,0,0,3,0,10,0,0,5,0,0,0,18
United States Institute of Peace,Agency Overall,2023,0,0,1,1,0,0,0,1,0,0,0,0,3
United States International Boundary and Water Commission,Agency Overall,2023,9,6,1,2,1,0,0,1,1,5,0,0,26
United States Copyright Office,Agency Overall,2023,0,1,1,4,11,3,0,10,0,10,0,0,40
U.S. Railroad Retirement Board,Agency Overall,2023,42,0,10,22,0,0,0,0,0,0,0,0,74
National Labor Relations Board,Agency Overall,2023,310,1403,38,102,0,204,53,37,27,6,56,0,2236
National Capital Planning Commission,Agency Overall,2023,6,3,0,13,0,0,0,3,1,0,0,0,26
U.S. Commission on Civil Rights,Agency Overall,2023,14,0,0,24,4,7,0,1,0,0,0,0,50
Federal Deposit Insurance Corporation,Agency Overall,2023,54,83,38,53,2,20,13,144,51,217,10,0,685
United States International Trade Commission,Agency Overall,2023,3,9,1,9,1,1,0,3,0,0,0,0,27
Equal Employment Opportunity Commission,Agency Overall,2023,846,10285,1097,945,26,101,7,292,338,0,764,2,14703
Department of Transportation,Agency Overall,2023,6443,6470,124,1872,121,861,43,64,46,70,246,98,16458
Department of Justice,Agency Overall,2023,62264,11348,3572,29665,224,1564,144,1154,28249,410,3353,2118,144065
National Aeronautics and Space Administration,Agency Overall,2023,113,191,31,107,20,36,40,99,66,16,200,84,1003
United States African Development Foundation,Agency Overall,2023,0,0,0,0,0,0,0,0,0,0,0,0,0
Denali Commission,Agency Overall,2023,18,0,0,0,0,0,0,0,0,0,0,0,18
Pension Benefit Guaranty Corporation,Agency Overall,2023,1835,320,89,247,1,57,2,11,21,9,51,0,2643
Postal Regulatory Commission,Agency Overall,2023,4,4,0,8,1,0,0,2,0,0,1,60,80
National Mediation Board,Agency Overall,2023,10,3,0,6,0,0,0,3,0,6,0,1,29
U.S. Agency for International Development,Agency Overall,2023,34,103,15,54,1,77,7,8,7,9,11,8,334
Department of Health and Human Services,Agency Overall,2023,14609,5618,6548,5127,540,3539,1969,403,4901,1005,2659,120,47038
Harry S. Truman Scholarship Foundation,Agency Overall,2023,10,2,2,12,1,0,0,0,0,0,0,0,27
Gulf Coast Ecosystem Restoration Council,Agency Overall,2023,12,0,0,0,0,0,0,0,0,0,0,0,12
Federal Mine Safety and Health Review Commission,Agency Overall,2023,31,6,0,10,0,1,0,4,1,1,0,0,54
Department of Education,Agency Overall,2023,228,1096,137,167,7,233,2,87,0,291,101,36,2385
Council of the Inspectors General on Integrity and Efficiency,Agency Overall,2023,6,25,7,32,2,3,0,17,9,0,4,3,108
Department of Housing and Urban Development,Agency Overall,2023,318,385,60,378,22,355,21,24,49,57,216,47,1932
Tennessee Valley Authority,Agency Overall,2023,65,63,8,24,1,5,5,4,0,2,0,0,177
Department of the Treasury,Agency Overall,2023,2902,2281,398,721,144,463,48,236,2223,379,658,97,10550
Marine Mammal Commission,Agency Overall,2023,31,3,0,0,0,0,0,0,0,0,0,0,34
Securities and Exchange Commission,Agency Overall,2023,1286,526,831,4925,96,968,9,43,81,158,99,0,9022
Federal Trade Commission,Agency Overall,2023,536,448,157,240,0,44,18,66,202,8,35,58,1812
Consumer Financial Protection Bureau,Agency Overall,2023,76,96,35,59,1,62,4,6,18,166,14,0,537
James Madison Memorial Fellowship Foundation,Agency Overall,2023,4,0,0,0,0,0,0,0,0,0,0,0,4
Office of the National Cyber Director,Agency Overall,2023,0,2,0,0,1,0,0,1,2,0,0,0,6
Armed Forces Retirement Home,Agency Overall,2023,4,1,0,6,0,1,0,0,0,0,0,0,12
United States Access Board,Agency Overall,2023,6,4,0,9,0,0,0,0,0,0,0,0,19
National Endowment for the Arts,Agency Overall,2023,11,15,0,11,4,2,0,5,2,0,0,0,50
Commission of Fine Arts,Agency Overall,2023,4,3,0,14,0,0,0,4,0,0,0,0,25
Office of the Director of National Intelligence,Agency Overall,2023,16,120,37,71,2,7,0,0,0,4,1,11,269
Federal Communications Commission,Agency Overall,2023,106,179,16,91,3,103,15,0,8,5,7,2,535
Federal Energy Regulatory Commission,Agency Overall,2023,10,44,16,21,0,3,0,0,0,0,0,0,94
Federal Labor Relations Authority,Agency Overall,2023,17,56,0,30,0,3,0,4,4,43,1,0,158
Office of the Intellectual Property Enforcement Coordinator,Agency Overall,2023,1,0,0,25,0,0,0,0,0,0,0,0,26
Small Business Administration,Agency Overall,2023,1645,717,97,141,2,432,8,78,61,801,151,0,4133
U.S. Agency for Global Media,Agency Overall,2023,26,39,0,27,0,1,0,26,2,0,0,57,178
Presidio Trust,Agency Overall,2023,4,5,0,2,0,4,0,1,0,0,0,0,16
Federal Housing Finance Agency,Agency Overall,2023,5,32,2,43,0,1,0,1,0,0,0,0,84
Office of Government Ethics,Agency Overall,2023,23,22,0,51,1,14,0,0,1,1,0,0,113
AmeriCorps,Agency Overall,2024,18,17,4,14,0,7,0,0,4,0,3,8,75
Department of Justice,Agency Overall,2024,64557,13561,4667,30504,339,4643,273,1035,30756,339,3462,3044,157180
American Battle Monuments Commission,Agency Overall,2024,13,0,0,19,0,0,0,6,0,0,0,0,38
Federal Energy Regulatory Commission,Agency Overall,2024,28,74,9,31,1,11,0,1,0,0,0,2,157
Office of Special Counsel,Agency Overall,2024,10,61,15,47,2,6,0,1,11,10,5,2,170
Commission of Fine Arts,Agency Overall,2024,19,0,0,70,0,0,0,2,0,0,0,0,91
United States Copyright Office,Agency Overall,2024,4,2,0,26,13,7,0,7,0,4,0,9,72
Office of Science and Technology Policy,Agency Overall,2024,3,141,0,23,1,1,0,7,0,0,2,0,178
Federal Open Market Committee,Agency Overall,2024,8,4,2,21,13,3,0,4,6,3,0,0,64
U.S. Commission for the Preservation of America’s Heritage Abroad,Agency Overall,2024,2,2,0,16,0,0,0,0,0,0,0,0,20
U.S. Commission on Civil Rights,Agency Overall,2024,36,2,0,16,1,3,0,26,0,0,0,0,84
Council of the Inspectors General on Integrity and Efficiency,Agency Overall,2024,8,0,0,50,0,0,0,6,32,0,4,0,100
Office of the National Cyber Director,Agency Overall,2024,1,10,0,127,2,0,0,15,0,0,0,0,155
Department of Health and Human Services,Agency Overall,2024,15284,4096,8453,5257,432,3570,2009,802,5160,1114,2728,366,49271
Morris K. Udall and Stewart L. Udall Foundation,Agency Overall,2024,8,7,1,36,0,0,0,4,0,0,0,0,56
Surface Transportation Board,Agency Overall,2024,18,6,0,69,0,3,2,0,0,0,1,0,99
Department of Energy,Agency Overall,2024,422,328,35,424,416,125,26,98,64,103,560,649,3250
Consumer Financial Protection Bureau,Agency Overall,2024,67,102,50,49,3,75,0,23,55,272,138,0,834
Federal Labor Relations Authority,Agency Overall,2024,9,62,5,107,1,0,0,7,7,1,2,3,204
U.S. Election Assistance Commission,Agency Overall,2024,8,8,0,26,0,0,0,0,0,0,0,0,42
Federal Communications Commission,Agency Overall,2024,106,211,14,129,1,101,6,1,13,119,20,263,984
Federal Deposit Insurance Corporation,Agency Overall,2024,69,76,47,71,1,15,8,394,54,126,12,0,873
Office of Navajo and Hopi Indian Relocation,Agency Overall,2024,38,0,0,36,0,0,0,0,0,0,0,0,74
National Credit Union Administration,Agency Overall,2024,71,57,12,107,0,12,10,19,19,47,30,0,384
National Science Foundation,Agency Overall,2024,31,61,9,48,12,204,0,1,5,0,3,0,374
Millennium Challenge Corporation,Agency Overall,2024,28,2,5,19,0,0,0,4,0,0,0,0,58
Office of National Drug Control Policy,Agency Overall,2024,7,22,0,16,0,1,2,0,0,1,0,0,49
U.S. Interagency Council on Homelessness,Agency Overall,2024,17,0,0,0,0,0,0,0,0,0,0,0,17
Office of Pandemic Preparedness and Response Policy,Agency Overall,2024,0,0,0,0,0,0,0,0,0,0,0,0,0
United States Trade and Development Agency,Agency Overall,2024,23,19,2,33,0,0,0,0,6,0,0,0,83
Selective Service System,Agency Overall,2024,71,1,1,0,0,0,0,0,0,0,0,0,73
Court Services and Offender Supervision Agency,Agency Overall,2024,32,184,7,264,0,10,4,4,87,2,2,0,596
Nuclear Regulatory Commission,Agency Overall,2024,67,55,6,242,0,34,22,12,10,7,6,0,461
Federal Reserve System,Agency Overall,2024,259,76,64,170,1,20,3,18,139,295,21,6,1072
National Labor Relations Board,Agency Overall,2024,341,1463,48,89,0,298,139,96,45,0,69,0,2588
U.S. Agency for International Development,Agency Overall,2024,38,91,16,68,1,83,14,3,3,42,326,3,688
Department of Transportation,Agency Overall,2024,4457,6847,223,2420,199,896,46,137,56,212,460,127,16080
Social Security Advisory Board,Agency Overall,2024,0,1,0,42,1,0,0,0,0,0,0,0,44
Institute of Museum and Library Services,Agency Overall,2024,5,14,0,1,0,2,0,73,77,4,0,0,176
Federal Maritime Commission,Agency Overall,2024,15,7,8,39,1,5,0,0,0,0,0,0,75
Harry S. Truman Scholarship Foundation,Agency Overall,2024,3,2,0,18,0,0,0,0,0,0,0,0,23
Neighborhood Reinvestment Corporation,Agency Overall,2024,7,6,1,28,0,0,0,5,0,0,1,0,48
Department of Defense,Agency Overall,2024,13175,16765,2938,6543,2147,3024,463,1511,3194,1415,3361,3126,57662
Federal Mediation and Conciliation Service,Agency Overall,2024,20,23,5,35,0,11,0,0,0,0,0,0,94
Advisory Council on Historic Preservation,Agency Overall,2024,33,0,0,0,0,0,0,0,0,0,0,0,33
Federal Financial Institutions Examination Council,Agency Overall,2024,5,1,0,41,1,0,0,0,0,0,0,0,48
Securities and Exchange Commission,Agency Overall,2024,1530,734,804,6320,88,939,4,70,99,215,182,0,10985
Office of the Intellectual Property Enforcement Coordinator,Agency Overall,2024,5,1,0,37,0,0,0,0,0,0,0,0,43
Equal Employment Opportunity Commission,Agency Overall,2024,419,12128,1547,964,23,112,19,308,1501,4,1252,57,18334
Administrative Conference of the United States,Agency Overall,2024,11,6,0,128,0,0,0,0,0,0,0,0,145
Appraisal Subcommittee,Agency Overall,2024,5,6,2,24,0,0,0,6,0,0,1,0,44
Office of the Director of National Intelligence,Agency Overall,2024,13,174,71,94,7,2,0,0,1,7,9,12,390
Federal Trade Commission,Agency Overall,2024,414,608,217,166,7,85,9,53,234,23,19,84,1919
Department of Commerce,Agency Overall,2024,390,339,180,471,34,174,83,116,120,39,128,1336,3410
Department of Housing and Urban Development,Agency Overall,2024,335,509,68,449,12,324,21,28,80,47,1188,41,3102
Gulf Coast Ecosystem Restoration Council,Agency Overall,2024,11,0,0,0,0,0,0,0,0,0,0,0,11
Pension Benefit Guaranty Corporation,Agency Overall,2024,2078,327,40,209,0,56,6,6,9,0,40,2,2773
United States Access Board,Agency Overall,2024,9,6,2,24,0,0,0,0,0,0,0,0,41
Department of the Treasury,Agency Overall,2024,2683,2126,491,1085,157,747,55,247,2956,303,1766,71,12687
Department of Homeland Security,Agency Overall,2024,39712,365330,18055,294914,25644,6549,118,2359,80912,28303,31550,1493,894939
Committee for Purchase from People Who Are Blind or Severely Disabled,Agency Overall,2024,4,4,1,19,0,1,0,18,0,0,0,0,47
United States International Trade Commission,Agency Overall,2024,3,31,13,111,5,4,0,2,4,0,0,0,173
Environmental Protection Agency,Agency Overall,2024,2154,981,71,1087,7,501,49,237,991,60,964,32,7134
Marine Mammal Commission,Agency Overall,2024,13,2,0,52,1,0,0,2,0,0,0,0,70
Department of Labor,Agency Overall,2024,1973,4601,1777,3245,280,873,401,379,303,226,798,0,14856
U.S. Nuclear Waste Technical Review Board,Agency Overall,2024,1,0,0,0,0,0,0,0,0,0,0,0,1
United States Postal Service,Agency Overall,2024,454,707,636,652,542,102,44,89,558,304,108,7,4203
Occupational Safety and Health Review Commission,Agency Overall,2024,26,27,1,39,0,141,0,0,0,0,0,1,235
Tennessee Valley Authority,Agency Overall,2024,57,80,7,38,1,4,49,3,0,1,24,0,264
Farm Credit Administration,Agency Overall,2024,21,18,0,30,0,0,4,2,0,0,0,0,75
National Railroad Passenger Corporation,Agency Overall,2024,274,178,111,118,17,76,4,50,11,9,62,0,910
Office of Personnel Management,Agency Overall,2024,103,122,20,85,9,73,8,30,76,146,111,0,783
National Endowment for the Humanities,Agency Overall,2024,8,30,1,15,0,1,0,1,6,0,0,0,62
Legal Services Corporation,Agency Overall,2024,7,9,1,37,0,2,0,0,0,0,0,0,56
Inter-American Foundation,Agency Overall,2024,4,6,0,27,0,0,0,10,0,0,1,0,48
Federal Election Commission,Agency Overall,2024,107,58,17,130,0,2,0,2,0,2,0,0,318
Denali Commission,Agency Overall,2024,34,0,0,0,0,0,0,0,0,0,0,0,34
James Madison Memorial Fellowship Foundation,Agency Overall,2024,0,0,0,15,0,0,0,0,0,0,0,0,15
Consumer Product Safety Commission,Agency Overall,2024,136,168,89,154,26,15,1,20,22,42,14,14,701
Presidio Trust,Agency Overall,2024,5,10,0,14,0,16,0,0,0,0,0,1,46
Postal Regulatory Commission,Agency Overall,2024,13,4,0,89,2,0,1,0,0,0,0,107,216
U.S. Department of State,Agency Overall,2024,379,5459,1503,2796,64,4452,1,327,1978,306,3510,0,20775
Federal Housing Finance Agency,Agency Overall,2024,25,54,1,72,0,1,0,4,2,0,1,0,160
Small Business Administration,Agency Overall,2024,2758,814,52,295,2,353,8,2654,36,15,105,0,7092
Federal Mine Safety and Health Review Commission,Agency Overall,2024,31,20,0,36,0,5,0,1,3,0,2,0,98
Office of Government Ethics,Agency Overall,2024,31,34,2,63,0,2,0,0,0,0,1,0,133
Office of the Special Inspector General for Afghanistan Reconstruction,Agency Overall,2024,5,4,1,30,0,8,0,2,0,0,1,0,51
National Transportation Safety Board,Agency Overall,2024,23,67,154,189,1,19,0,5,75,0,28,0,561
Department of Veterans Affairs,Agency Overall,2024,3562,100073,3991,1486,250,416,325,2292,1466,159,1406,4027,119453
United States Institute of Peace,Agency Overall,2024,11,2,1,0,1,0,0,5,1,0,0,0,21
National Mediation Board,Agency Overall,2024,15,3,5,42,0,0,0,3,0,0,0,0,68
Chemical Safety and Hazard Investigation Board,Agency Overall,2024,14,24,2,70,0,10,0,88,0,0,23,30,261
National Archives and Records Administration,Agency Overall,2024,1082,14401,42,1767,569,214,30,313,552,30,434,4459,23893
Department of Education,Agency Overall,2024,338,1415,108,333,6,403,10,94,0,330,81,1,3119
National Endowment for the Arts,Agency Overall,2024,7,32,2,99,0,0,0,6,7,1,1,0,155
National Council on Disability,Agency Overall,2024,6,4,0,12,0,0,0,0,0,0,0,1,23
National Aeronautics and Space Administration,Agency Overall,2024,122,247,45,207,23,49,33,188,19,32,405,89,1459
Export-Import Bank of the U.S.,Agency Overall,2024,27,32,9,76,1,0,1,12,0,0,0,1,159
Privacy and Civil Liberties Oversight Board,Agency Overall,2024,3,10,1,12,0,1,0,29,0,13,0,0,69
Defense Nuclear Facilities Safety Board,Agency Overall,2024,2,3,0,11,0,3,0,0,25,5,3,0,52
Farm Credit System Insurance Corporation,Agency Overall,2024,12,10,0,31,0,0,0,0,0,0,0,0,53
United States International Boundary and Water Commission,Agency Overall,2024,8,6,0,11,0,0,0,0,0,0,0,0,25
Office of Management and Budget,Agency Overall,2024,86,67,4,187,3,50,0,16,1,73,6,0,493
National Capital Planning Commission,Agency Overall,2024,5,2,0,34,0,0,0,0,0,0,0,0,41
Central Intelligence Agency,Agency Overall,2024,136,79,767,440,11,14,1,543,478,0,88,46,2603
Merit Systems Protection Board,Agency Overall,2024,47,44,3,33,0,4,0,38,2,0,13,0,184
Council on Environmental Quality,Agency Overall,2024,22,19,2,63,0,32,0,14,11,33,1,151,348
Commodity Futures Trading Commission,Agency Overall,2024,42,53,20,51,2,4,0,20,92,17,115,14,430
National Indian Gaming Commission,Agency Overall,2024,19,11,1,50,0,1,0,0,1,0,0,0,83
United States African Development Foundation,Agency Overall,2024,1,0,0,6,0,0,0,0,0,0,0,0,7
Office of the United States Trade Representative,Agency Overall,2024,21,59,2,28,1,0,0,0,0,1,0,0,112
Social Security Administration,Agency Overall,2024,5470,2083,1970,1111,130,26,290,114,80,11,69,0,11354
Armed Forces Retirement Home,Agency Overall,2024,18,4,14,0,0,0,0,0,0,0,0,0,36
General Services Administration,Agency Overall,2024,204,343,13,356,6,174,84,157,34,125,58,78,1632
Department of the Interior,Agency Overall,2024,1665,1659,196,1701,93,608,111,205,208,111,304,1565,8426
Peace Corps,Agency Overall,2024,22,71,4,187,5,2,0,8,17,1,4,10,331
Department of Agriculture,Agency Overall,2024,12803,2440,163,2730,219,474,46,154,743,93,1189,59,21113
U.S. Agency for Global Media,Agency Overall,2024,28,58,4,89,0,3,0,5,0,1,3,0,191
Federal Permitting Improvement Steering Council,Agency Overall,2024,5,11,0,31,0,1,0,2,0,2,0,0,52
U.S. Railroad Retirement Board,Agency Overall,2024,29,5,19,64,1,0,0,3,0,0,0,0,121
Federal Retirement Thrift Investment Board,Agency Overall,2024,32,20,2,26,2,10,0,0,19,0,5,0,116
U.S. International Development Finance Corporation,Agency Overall,2024,5,27,0,7,0,1,0,4,1,0,0,0,45
