Agency,Component,Fiscal Year,<1-20 Days,21-40 Days,41-60 Days,61-80 Days,81-100 Days,101-120 Days,121-140 Days,141-160 Days,161-180 Days,181-200 Days,201-300 Days,301-400 Days,401+ Days,Total
Commodity Futures Trading Commission,Agency Overall,2018,41,20,2,4,6,0,2,3,0,0,1,0,0,79
Merit Systems Protection Board,Agency Overall,2018,109,8,2,1,1,1,0,0,0,1,1,1,0,125
United States African Development Foundation,Agency Overall,2018,6,1,0,0,0,0,0,0,0,0,0,0,0,7
Securities and Exchange Commission,Agency Overall,2018,12262,1313,299,120,71,42,20,13,7,2,6,0,3,14158
Department of Homeland Security,Agency Overall,2018,97792,32552,22462,10369,3469,2670,1920,1215,272,155,360,104,257,173597
National Indian Gaming Commission,Agency Overall,2018,23,2,5,1,0,0,0,1,0,0,0,1,0,33
Office of Government Ethics,Agency Overall,2018,64,10,6,3,2,4,4,12,13,8,48,12,3,189
"National Commission on Military, National, and Public Service",Agency Overall,2018,1,0,0,0,0,0,0,0,0,0,0,0,0,1
National Mediation Board,Agency Overall,2018,16,0,0,0,0,0,0,0,0,0,0,0,0,16
U.S. Agency for Global Media,Agency Overall,2018,12,12,3,4,2,1,0,0,0,0,0,0,0,34
Office of Navajo and Hopi Indian Relocation,Agency Overall,2018,57,0,0,0,0,0,0,0,0,0,0,0,0,57
Consumer Financial Protection Bureau,Agency Overall,2018,458,86,27,17,11,3,2,0,0,0,2,0,0,606
Department of Agriculture,Agency Overall,2018,30880,956,383,189,159,160,135,129,125,80,241,140,128,33705
Court Services and Offender Supervision Agency,Agency Overall,2018,233,209,11,9,12,10,5,5,2,1,0,0,0,497
General Services Administration,Agency Overall,2018,435,61,18,4,2,2,1,2,0,0,0,2,0,527
Federal Mediation and Conciliation Service,Agency Overall,2018,30,5,3,2,4,0,0,1,0,0,8,3,0,56
Harry S. Truman Scholarship Foundation,Agency Overall,2018,1,0,0,0,0,0,0,0,0,0,0,0,0,1
Peace Corps,Agency Overall,2018,27,22,18,13,5,7,3,1,1,0,9,3,2,111
Department of Education,Agency Overall,2018,1518,147,0,1,0,0,0,0,0,0,0,0,0,1666
Office of National Drug Control Policy,Agency Overall,2018,82,2,0,0,0,0,0,0,0,0,0,0,0,84
Department of Housing and Urban Development,Agency Overall,2018,856,284,82,41,44,18,11,15,10,7,40,20,11,1439
Armed Forces Retirement Home,Agency Overall,2018,6,0,0,0,0,0,0,0,0,0,0,0,0,6
National Capital Planning Commission,Agency Overall,2018,7,0,0,0,0,0,0,0,0,0,0,0,0,7
Federal Communications Commission,Agency Overall,2018,447,123,14,0,0,0,0,0,0,0,0,0,0,584
Legal Services Corporation,Agency Overall,2018,20,3,0,0,0,0,0,0,0,0,0,0,0,23
United States International Trade Commission,Agency Overall,2018,25,0,0,0,0,0,0,0,0,0,0,0,0,25
Inter-American Foundation,Agency Overall,2018,8,2,0,0,0,0,1,0,0,0,0,0,0,11
Federal Retirement Thrift Investment Board,Agency Overall,2018,11,17,4,2,4,0,0,0,0,0,0,0,1,39
Department of the Treasury,Agency Overall,2018,2637,278,40,21,7,4,6,3,0,0,4,0,0,3000
Office of Personnel Management,Agency Overall,2018,7818,39,19,11,5,2,0,4,2,2,7,6,5,7920
Gulf Coast Ecosystem Restoration Council,Agency Overall,2018,4,0,0,0,0,0,0,0,0,0,0,0,0,4
James Madison Memorial Fellowship Foundation,Agency Overall,2018,2,3,0,0,0,0,0,0,0,0,0,0,0,5
Office of the Director of National Intelligence,Agency Overall,2018,60,35,10,1,0,0,0,1,0,0,0,1,0,108
United States Trade and Development Agency,Agency Overall,2018,1,6,1,5,1,0,0,0,0,0,0,0,1,15
Council of the Inspectors General on Integrity and Efficiency,Agency Overall,2018,0,0,0,0,0,0,0,0,0,0,0,0,0,0
Appraisal Subcommittee,Agency Overall,2018,4,0,0,0,0,0,0,0,0,0,0,0,0,4
U.S. Railroad Retirement Board,Agency Overall,2018,67,14,2,2,1,0,0,0,0,0,0,0,0,86
Committee for Purchase from People Who Are Blind or Severely Disabled,Agency Overall,2018,3,1,2,0,0,0,0,0,0,0,0,0,0,6
Federal Deposit Insurance Corporation,Agency Overall,2018,215,28,2,0,0,0,0,0,0,0,0,0,0,245
National Railroad Passenger Corporation,Agency Overall,2018,7,2,0,0,0,0,0,1,0,0,2,0,0,12
Department of Health and Human Services,Agency Overall,2018,6229,891,577,487,513,453,457,578,341,369,1327,46,65,12333
U.S. Department of State,Agency Overall,2018,76,103,30,15,12,10,17,8,13,7,39,435,822,1587
Occupational Safety and Health Review Commission,Agency Overall,2018,64,0,0,0,0,0,0,0,0,0,0,0,0,64
Office of the United States Trade Representative,Agency Overall,2018,110,18,4,1,2,0,0,0,0,0,0,0,0,135
Federal Reserve System,Agency Overall,2018,265,12,6,3,1,1,0,0,0,0,0,0,0,288
U.S. Agency for International Development,Agency Overall,2018,1,0,0,0,0,0,0,0,0,0,0,0,0,1
U.S. Election Assistance Commission,Agency Overall,2018,0,0,0,0,0,0,0,0,0,0,0,0,0,0
Small Business Administration,Agency Overall,2018,770,125,52,14,9,7,1,1,0,0,1,0,0,980
AmeriCorps,Agency Overall,2018,31,7,1,0,0,1,0,0,0,0,0,0,0,40
Presidio Trust,Agency Overall,2018,4,0,0,0,0,0,0,0,0,0,0,0,0,4
Office of Science and Technology Policy,Agency Overall,2018,51,21,4,3,3,2,2,2,4,1,1,0,0,94
Farm Credit Administration,Agency Overall,2018,21,0,0,0,0,0,0,0,0,0,0,0,0,21
Federal Housing Finance Agency,Agency Overall,2018,75,12,5,1,0,0,0,0,1,0,0,0,0,94
Department of Commerce,Agency Overall,2018,704,166,57,18,29,6,9,6,3,7,4,1,12,1022
United States Institute of Peace,Agency Overall,2018,1,0,0,0,0,0,0,0,0,0,0,0,0,1
U.S. Nuclear Waste Technical Review Board,Agency Overall,2018,3,0,0,0,0,0,0,0,0,0,0,0,0,3
Nuclear Regulatory Commission,Agency Overall,2018,271,46,33,16,1,4,2,4,0,1,7,0,0,385
Overseas Private Investment Corporation,Agency Overall,2018,25,5,4,1,0,0,0,0,0,0,1,0,0,36
Selective Service System,Agency Overall,2018,53,1,0,0,0,0,0,0,0,0,0,0,0,54
Export-Import Bank of the U.S.,Agency Overall,2018,27,8,7,0,0,0,1,0,0,0,0,0,0,43
United States International Boundary and Water Commission,Agency Overall,2018,25,11,3,0,0,0,0,0,0,0,0,0,0,39
Department of Justice,Agency Overall,2018,28606,25038,4986,2257,1170,695,489,357,280,208,490,190,174,64940
Morris K. Udall and Stewart L. Udall Foundation,Agency Overall,2018,2,0,0,0,0,0,0,0,0,0,0,0,0,2
United States Access Board,Agency Overall,2018,6,0,1,0,0,0,0,0,0,0,0,0,0,7
U.S. Interagency Council on Homelessness,Agency Overall,2018,0,0,0,0,0,0,0,0,0,0,0,0,0,0
Office of Management and Budget,Agency Overall,2018,105,54,17,13,7,14,7,13,9,3,25,8,3,278
Federal Financial Institutions Examination Council,Agency Overall,2018,8,0,0,0,0,0,0,0,0,0,0,0,0,8
Privacy and Civil Liberties Oversight Board,Agency Overall,2018,25,0,0,0,0,0,0,0,0,0,0,0,0,25
Pension Benefit Guaranty Corporation,Agency Overall,2018,303,22,1,1,0,0,0,0,0,0,0,0,0,327
Central Intelligence Agency,Agency Overall,2018,765,183,46,19,11,13,6,7,8,3,14,4,13,1092
Defense Nuclear Facilities Safety Board,Agency Overall,2018,10,3,0,2,0,0,0,0,0,0,1,0,0,16
Advisory Council on Historic Preservation,Agency Overall,2018,0,0,0,0,0,0,0,0,0,0,0,0,0,0
National Council on Disability,Agency Overall,2018,3,0,0,0,0,0,0,0,0,0,0,0,0,3
Postal Regulatory Commission,Agency Overall,2018,41,0,0,0,0,0,0,0,0,0,0,0,0,41
Farm Credit System Insurance Corporation,Agency Overall,2018,4,0,0,0,0,0,0,0,0,0,0,0,0,4
Neighborhood Reinvestment Corporation,Agency Overall,2018,0,1,0,0,0,0,0,0,0,0,0,0,0,1
Federal Maritime Commission,Agency Overall,2018,10,0,0,0,0,0,0,0,0,0,0,0,0,10
National Labor Relations Board,Agency Overall,2018,658,214,100,76,53,50,42,26,38,31,88,39,3,1418
National Aeronautics and Space Administration,Agency Overall,2018,306,23,3,2,1,1,0,0,0,0,0,0,0,336
Department of Veterans Affairs,Agency Overall,2018,14117,2667,681,280,159,113,76,69,47,26,64,14,23,18336
Commission of Fine Arts,Agency Overall,2018,5,0,0,0,0,0,0,0,0,0,0,0,0,5
Department of Energy,Agency Overall,2018,704,233,115,65,50,37,41,34,22,16,54,16,16,1403
Environmental Protection Agency,Agency Overall,2018,5245,1470,403,188,134,84,74,66,43,52,132,59,97,8047
National Endowment for the Humanities,Agency Overall,2018,48,1,0,0,0,0,0,0,0,0,0,0,0,49
U.S. Commission on Civil Rights,Agency Overall,2018,23,1,0,0,0,0,0,0,0,0,0,0,0,24
Department of Labor,Agency Overall,2018,3843,537,198,117,62,33,32,19,10,8,26,40,38,4963
Federal Labor Relations Authority,Agency Overall,2018,58,1,0,0,0,0,0,0,0,0,0,0,0,59
National Science Foundation,Agency Overall,2018,58,8,4,3,5,2,0,2,1,1,4,0,2,90
Federal Energy Regulatory Commission,Agency Overall,2018,12,17,1,0,0,0,0,0,0,1,0,0,1,32
Federal Trade Commission,Agency Overall,2018,830,70,20,7,5,1,0,0,0,0,0,0,0,933
Office of the Special Inspector General for Afghanistan Reconstruction,Agency Overall,2018,11,3,0,0,0,0,0,0,0,0,0,0,0,14
Marine Mammal Commission,Agency Overall,2018,0,0,1,1,0,0,0,0,0,0,0,0,0,2
Office of Special Counsel,Agency Overall,2018,38,8,6,2,0,1,0,1,0,1,6,9,6,78
United States Postal Service,Agency Overall,2018,2290,145,10,6,0,0,1,0,0,1,2,2,0,2457
Equal Employment Opportunity Commission,Agency Overall,2018,9232,2975,1594,812,696,570,605,379,343,219,730,75,6,18236
Chemical Safety and Hazard Investigation Board,Agency Overall,2018,22,4,1,0,0,1,0,1,1,0,0,0,0,30
Department of the Interior,Agency Overall,2018,526,26,11,4,4,1,0,0,0,1,0,0,0,573
Federal Mine Safety and Health Review Commission,Agency Overall,2018,57,0,0,0,0,0,0,0,0,0,0,0,0,57
Denali Commission,Agency Overall,2018,3,1,0,0,0,0,0,0,0,0,0,0,0,4
National Archives and Records Administration,Agency Overall,2018,49792,1130,252,97,48,33,28,21,17,15,20,16,511,51980
United States Copyright Office,Agency Overall,2018,35,2,0,0,0,0,0,0,0,0,0,0,0,37
Social Security Administration,Agency Overall,2018,15022,733,112,53,27,21,12,6,7,8,14,1,0,16016
National Transportation Safety Board,Agency Overall,2018,84,39,18,12,6,7,3,8,2,7,14,9,72,281
Administrative Conference of the United States,Agency Overall,2018,19,0,0,0,0,0,0,0,0,0,0,0,0,19
National Credit Union Administration,Agency Overall,2018,64,2,0,0,0,0,0,0,0,0,0,0,0,66
Surface Transportation Board,Agency Overall,2018,36,1,0,0,0,0,0,0,0,0,0,0,0,37
Institute of Museum and Library Services,Agency Overall,2018,10,8,1,1,0,0,0,0,0,0,0,0,0,20
Tennessee Valley Authority,Agency Overall,2018,127,0,0,0,0,0,0,0,0,0,0,0,0,127
Council on Environmental Quality,Agency Overall,2018,59,12,5,8,4,2,2,0,0,0,1,0,0,93
Department of Transportation,Agency Overall,2018,9677,1017,260,298,179,132,120,161,294,297,436,49,87,13007
National Endowment for the Arts,Agency Overall,2018,67,2,0,0,0,0,0,0,0,0,0,0,0,69
Federal Open Market Committee,Agency Overall,2018,8,1,0,0,0,0,0,0,0,0,0,0,0,9
Consumer Product Safety Commission,Agency Overall,2018,44,17,18,6,6,1,2,2,0,1,1,1,1,100
Department of Defense,Agency Overall,2018,26122,1268,347,191,198,151,88,62,56,47,139,53,155,28877
Millennium Challenge Corporation,Agency Overall,2018,19,2,0,0,0,3,0,0,0,0,0,0,0,24
American Battle Monuments Commission,Agency Overall,2018,0,0,0,0,0,0,0,0,0,0,0,0,0,0
Social Security Advisory Board,Agency Overall,2018,3,0,0,0,0,0,0,0,0,0,0,0,0,3
Federal Election Commission,Agency Overall,2018,89,23,7,2,1,0,1,0,0,0,0,0,3,126
Federal Financial Institutions Examination Council,Agency Overall,2019,8,1,0,0,0,0,0,0,0,0,0,0,0,9
Surface Transportation Board,Agency Overall,2019,34,0,0,0,0,0,0,0,0,0,0,0,0,34
Commodity Futures Trading Commission,Agency Overall,2019,49,15,12,8,4,4,3,3,3,2,10,7,0,120
Social Security Advisory Board,Agency Overall,2019,3,0,0,0,0,0,0,0,0,0,0,0,0,3
Federal Retirement Thrift Investment Board,Agency Overall,2019,13,7,4,3,3,0,0,0,0,0,0,0,0,30
Office of Management and Budget,Agency Overall,2019,25,51,22,4,6,5,5,1,1,0,6,1,4,131
Environmental Protection Agency,Agency Overall,2019,3988,1190,275,145,117,79,84,54,75,65,207,183,108,6570
Federal Housing Finance Agency,Agency Overall,2019,83,3,0,2,0,0,0,0,0,0,0,0,0,88
Consumer Product Safety Commission,Agency Overall,2019,1,28,19,7,6,5,2,3,2,2,9,3,3,90
U.S. Interagency Council on Homelessness,Agency Overall,2019,2,2,0,0,0,0,0,0,0,0,0,0,0,4
Office of National Drug Control Policy,Agency Overall,2019,43,0,0,0,0,0,0,0,0,0,0,0,0,43
Farm Credit System Insurance Corporation,Agency Overall,2019,4,0,0,0,0,0,0,0,0,0,0,0,0,4
National Endowment for the Arts,Agency Overall,2019,31,14,6,0,0,0,0,0,0,0,0,0,0,51
National Mediation Board,Agency Overall,2019,10,0,0,0,0,0,0,0,0,0,0,0,0,10
U.S. Agency for International Development,Agency Overall,2019,3,0,0,0,0,0,0,0,0,0,0,0,0,3
U.S. Election Assistance Commission,Agency Overall,2019,2,1,1,3,1,0,1,0,0,0,0,0,0,9
Occupational Safety and Health Review Commission,Agency Overall,2019,66,1,0,0,0,0,0,0,0,0,0,0,0,67
United States International Trade Commission,Agency Overall,2019,21,0,0,0,0,0,0,0,0,0,0,0,0,21
Social Security Administration,Agency Overall,2019,14235,235,36,24,11,17,3,9,1,4,8,1,0,14584
Department of Labor,Agency Overall,2019,3891,799,243,150,71,51,31,29,27,12,53,18,46,5421
Federal Mine Safety and Health Review Commission,Agency Overall,2019,56,0,0,0,0,0,0,0,0,0,0,0,0,56
Department of Defense,Agency Overall,2019,23898,1339,622,318,357,94,78,54,50,40,119,58,172,27199
Department of Justice,Agency Overall,2019,22301,14197,10507,4430,2310,1645,1277,840,659,523,999,236,511,60435
Office of the Director of National Intelligence,Agency Overall,2019,170,4,1,1,0,1,0,0,1,0,4,0,0,182
Court Services and Offender Supervision Agency,Agency Overall,2019,132,0,0,0,0,0,0,0,0,0,0,0,0,132
Department of the Treasury,Agency Overall,2019,2162,108,35,19,13,5,6,5,3,2,4,3,2,2367
U.S. Commission on Civil Rights,Agency Overall,2019,37,5,2,0,0,0,0,0,1,0,0,0,0,45
United States Postal Service,Agency Overall,2019,2212,170,31,4,4,3,0,1,0,0,1,0,1,2427
Department of the Interior,Agency Overall,2019,426,44,11,13,3,2,5,2,3,1,3,0,0,513
American Battle Monuments Commission,Agency Overall,2019,3,0,0,0,0,0,0,0,0,0,0,0,0,3
National Aeronautics and Space Administration,Agency Overall,2019,211,35,9,5,2,0,0,1,0,0,0,0,0,263
Office of Special Counsel,Agency Overall,2019,26,8,7,4,4,4,3,5,6,3,1,0,0,71
Federal Maritime Commission,Agency Overall,2019,3,0,0,0,0,0,0,0,0,0,0,0,0,3
Privacy and Civil Liberties Oversight Board,Agency Overall,2019,17,0,0,0,0,0,0,0,0,0,0,0,0,17
Department of Agriculture,Agency Overall,2019,21306,710,348,252,192,128,103,81,68,59,251,184,345,24027
Farm Credit Administration,Agency Overall,2019,19,2,0,0,0,0,0,0,0,0,0,0,0,21
U.S. Department of State,Agency Overall,2019,62,69,37,16,7,4,2,1,1,1,2,2,11,215
Pension Benefit Guaranty Corporation,Agency Overall,2019,1052,81,4,0,2,1,0,0,0,0,0,0,0,1140
Council on Environmental Quality,Agency Overall,2019,60,10,2,3,0,0,2,1,0,0,2,3,0,83
Peace Corps,Agency Overall,2019,28,18,8,4,3,2,2,3,3,1,6,4,2,84
General Services Administration,Agency Overall,2019,502,1,0,0,0,0,0,0,0,0,1,0,0,504
Merit Systems Protection Board,Agency Overall,2019,75,1,0,0,0,0,1,0,0,0,0,0,0,77
Federal Communications Commission,Agency Overall,2019,391,100,7,1,1,0,0,0,0,0,0,0,0,500
Tennessee Valley Authority,Agency Overall,2019,120,0,0,0,0,0,0,0,0,0,0,0,0,120
Nuclear Regulatory Commission,Agency Overall,2019,189,42,32,17,13,8,1,9,2,1,6,1,2,323
Federal Energy Regulatory Commission,Agency Overall,2019,17,20,0,0,0,0,0,0,0,0,1,0,1,39
National Archives and Records Administration,Agency Overall,2019,63929,1209,300,102,64,58,50,21,34,4,24,13,696,66504
Gulf Coast Ecosystem Restoration Council,Agency Overall,2019,8,1,0,0,0,0,0,0,0,0,0,0,0,9
Department of Education,Agency Overall,2019,1180,118,1,1,0,1,1,1,0,0,1,0,3,1307
Department of Energy,Agency Overall,2019,591,225,162,80,49,52,26,22,25,21,95,62,51,1461
"National Commission on Military, National, and Public Service",Agency Overall,2019,22,4,2,1,0,0,0,0,0,0,0,0,0,29
Morris K. Udall and Stewart L. Udall Foundation,Agency Overall,2019,4,0,0,0,0,0,0,0,0,0,0,0,0,4
United States Access Board,Agency Overall,2019,0,0,0,0,0,0,0,0,0,0,0,0,0,0
United States Trade and Development Agency,Agency Overall,2019,6,0,1,2,5,1,0,0,0,0,0,0,1,16
Federal Open Market Committee,Agency Overall,2019,16,0,0,0,0,0,0,0,0,0,0,0,0,16
Department of Homeland Security,Agency Overall,2019,102711,24850,9388,8847,9105,6803,2724,1289,792,1153,1224,196,8782,177864
Federal Mediation and Conciliation Service,Agency Overall,2019,11,0,3,0,0,0,0,0,0,0,1,0,0,15
Defense Nuclear Facilities Safety Board,Agency Overall,2019,7,3,0,1,1,0,0,0,0,0,1,0,1,14
Department of Commerce,Agency Overall,2019,559,160,44,22,20,16,19,10,8,3,17,17,23,918
Inter-American Foundation,Agency Overall,2019,9,0,1,0,0,0,0,0,0,0,0,0,0,10
James Madison Memorial Fellowship Foundation,Agency Overall,2019,0,0,0,0,0,0,0,0,0,0,0,0,0,0
Presidio Trust,Agency Overall,2019,5,0,0,0,0,0,0,0,0,0,0,0,0,5
National Endowment for the Humanities,Agency Overall,2019,44,2,2,0,0,0,0,0,0,0,0,0,0,48
Consumer Financial Protection Bureau,Agency Overall,2019,137,52,34,20,13,11,14,10,11,3,16,5,0,326
Advisory Council on Historic Preservation,Agency Overall,2019,2,2,0,0,0,0,0,0,0,0,0,0,0,4
Federal Reserve System,Agency Overall,2019,228,24,10,4,1,1,0,0,0,0,1,0,0,269
Securities and Exchange Commission,Agency Overall,2019,8912,1625,398,168,109,69,56,43,44,11,25,8,3,11471
Appraisal Subcommittee,Agency Overall,2019,2,0,0,0,0,0,0,0,0,0,0,0,0,2
Office of the United States Trade Representative,Agency Overall,2019,76,16,7,3,2,3,1,0,0,0,0,0,0,108
United States International Boundary and Water Commission,Agency Overall,2019,29,6,7,6,0,1,1,1,0,1,2,0,0,54
Harry S. Truman Scholarship Foundation,Agency Overall,2019,2,0,0,0,0,0,0,0,0,0,0,0,0,2
Federal Trade Commission,Agency Overall,2019,804,34,14,3,3,1,1,0,0,0,0,0,0,860
National Science Foundation,Agency Overall,2019,52,6,1,1,0,0,2,1,0,0,0,4,2,69
Overseas Private Investment Corporation,Agency Overall,2019,26,5,6,4,8,1,0,1,0,0,0,0,0,51
U.S. Nuclear Waste Technical Review Board,Agency Overall,2019,7,2,0,0,0,0,0,0,0,0,0,0,0,9
Council of the Inspectors General on Integrity and Efficiency,Agency Overall,2019,1,4,1,0,0,0,0,0,0,2,0,0,0,8
United States African Development Foundation,Agency Overall,2019,5,0,0,0,0,0,0,0,0,0,0,0,0,5
Federal Labor Relations Authority,Agency Overall,2019,66,7,1,0,0,0,0,0,0,0,0,0,0,74
Equal Employment Opportunity Commission,Agency Overall,2019,12086,1878,915,890,687,420,276,265,136,118,460,25,46,18202
Office of Personnel Management,Agency Overall,2019,7386,27,6,4,3,1,2,0,0,3,5,4,20,7461
Office of the Special Inspector General for Afghanistan Reconstruction,Agency Overall,2019,4,1,0,0,0,0,0,0,0,0,0,0,0,5
Institute of Museum and Library Services,Agency Overall,2019,44,2,0,0,0,0,0,0,0,0,0,0,0,46
United States Institute of Peace,Agency Overall,2019,3,0,0,0,1,0,0,0,0,0,0,0,0,4
National Indian Gaming Commission,Agency Overall,2019,32,0,0,0,0,0,0,0,0,0,0,0,0,32
Federal Election Commission,Agency Overall,2019,38,8,9,1,2,0,0,0,1,0,0,0,3,62
Commission of Fine Arts,Agency Overall,2019,5,0,0,0,0,0,0,0,0,0,0,0,0,5
National Railroad Passenger Corporation,Agency Overall,2019,3,0,0,0,0,0,0,0,0,0,0,0,0,3
Office of Science and Technology Policy,Agency Overall,2019,23,0,2,0,0,0,1,1,3,1,2,1,1,35
Denali Commission,Agency Overall,2019,3,1,0,0,0,0,0,0,0,0,0,0,0,4
United States Copyright Office,Agency Overall,2019,35,2,0,0,0,0,0,0,0,0,0,0,0,37
Committee for Purchase from People Who Are Blind or Severely Disabled,Agency Overall,2019,0,2,2,0,0,0,0,0,0,0,1,0,0,5
National Transportation Safety Board,Agency Overall,2019,63,24,12,5,2,4,1,1,1,1,9,2,54,179
Selective Service System,Agency Overall,2019,56,0,0,0,0,0,0,0,0,0,0,0,0,56
Office of Government Ethics,Agency Overall,2019,37,9,7,2,2,2,3,1,0,2,10,4,21,100
Export-Import Bank of the U.S.,Agency Overall,2019,32,3,4,2,0,0,0,0,0,0,0,0,0,41
Armed Forces Retirement Home,Agency Overall,2019,6,0,0,0,0,0,0,0,0,0,0,0,0,6
Department of Housing and Urban Development,Agency Overall,2019,803,270,100,57,30,18,12,10,12,10,34,26,53,1435
Administrative Conference of the United States,Agency Overall,2019,24,0,0,0,0,0,0,0,0,0,0,0,0,24
AmeriCorps,Agency Overall,2019,32,8,1,1,0,0,0,0,0,0,0,0,0,42
Federal Deposit Insurance Corporation,Agency Overall,2019,169,16,2,1,1,0,0,0,0,0,0,0,0,189
Central Intelligence Agency,Agency Overall,2019,298,56,32,24,8,0,0,0,0,0,0,0,0,418
Small Business Administration,Agency Overall,2019,556,120,58,19,11,3,12,5,2,2,3,1,0,792
Chemical Safety and Hazard Investigation Board,Agency Overall,2019,13,1,0,1,0,0,0,0,0,0,0,0,0,15
National Labor Relations Board,Agency Overall,2019,860,147,72,36,22,20,20,12,7,8,35,18,15,1272
National Credit Union Administration,Agency Overall,2019,39,4,0,0,0,0,0,0,0,0,0,0,0,43
Department of Health and Human Services,Agency Overall,2019,5982,1110,680,639,503,528,450,589,731,438,787,40,43,12520
Department of Veterans Affairs,Agency Overall,2019,2885,9694,2332,538,432,431,261,303,185,160,315,249,890,18675
Department of Transportation,Agency Overall,2019,9173,1427,743,364,168,101,44,32,22,20,60,8,43,12205
National Council on Disability,Agency Overall,2019,9,0,0,0,0,0,0,0,0,0,0,0,0,9
U.S. Railroad Retirement Board,Agency Overall,2019,90,7,1,2,1,0,0,0,0,1,0,2,5,109
Office of Navajo and Hopi Indian Relocation,Agency Overall,2019,22,3,0,0,0,0,0,0,0,0,0,0,0,25
Millennium Challenge Corporation,Agency Overall,2019,1,2,8,4,5,2,1,0,0,2,1,0,0,26
Legal Services Corporation,Agency Overall,2019,16,6,0,0,0,0,0,0,0,0,0,0,0,22
U.S. Agency for Global Media,Agency Overall,2019,9,17,15,2,8,3,1,2,1,6,4,1,0,69
Neighborhood Reinvestment Corporation,Agency Overall,2019,1,0,0,0,0,0,0,0,0,0,0,0,0,1
Marine Mammal Commission,Agency Overall,2019,3,0,0,0,0,0,0,0,0,0,0,0,0,3
National Capital Planning Commission,Agency Overall,2019,7,0,0,0,0,0,0,0,0,0,0,0,0,7
Postal Regulatory Commission,Agency Overall,2019,14,0,0,0,0,0,0,0,0,0,0,0,0,14
Federal Labor Relations Authority,Agency Overall,2020,79,21,1,1,0,0,0,0,0,0,0,0,0,102
Federal Open Market Committee,Agency Overall,2020,11,0,0,0,0,0,0,0,0,0,0,0,0,11
General Services Administration,Agency Overall,2020,521,25,0,4,1,2,0,3,2,1,0,2,1,562
Department of Agriculture,Agency Overall,2020,17425,723,594,272,216,153,107,308,242,77,196,85,375,20773
Pension Benefit Guaranty Corporation,Agency Overall,2020,1894,414,131,21,0,0,0,0,0,0,0,0,0,2460
Federal Energy Regulatory Commission,Agency Overall,2020,11,2,1,1,0,0,0,1,0,0,0,0,1,17
Commodity Futures Trading Commission,Agency Overall,2020,97,12,3,1,3,0,0,0,0,0,0,0,0,116
Armed Forces Retirement Home,Agency Overall,2020,2,0,0,0,0,0,0,0,0,0,0,0,0,2
Presidio Trust,Agency Overall,2020,13,0,0,0,0,0,0,0,0,0,0,0,0,13
Federal Reserve System,Agency Overall,2020,226,20,8,0,0,1,0,0,0,0,1,0,0,256
Consumer Financial Protection Bureau,Agency Overall,2020,158,32,0,1,0,0,0,0,0,0,0,0,0,191
Tennessee Valley Authority,Agency Overall,2020,149,38,4,0,0,1,0,0,0,0,0,0,0,192
Federal Financial Institutions Examination Council,Agency Overall,2020,8,2,0,0,0,0,0,0,0,0,0,0,0,10
Morris K. Udall and Stewart L. Udall Foundation,Agency Overall,2020,2,0,0,0,0,0,0,0,0,0,0,0,0,2
Consumer Product Safety Commission,Agency Overall,2020,62,10,12,3,6,4,1,1,1,0,8,10,17,135
Nuclear Regulatory Commission,Agency Overall,2020,139,33,8,3,2,0,0,0,0,0,0,0,1,186
Inter-American Foundation,Agency Overall,2020,7,1,0,0,0,0,0,0,0,0,0,0,0,8
United States International Boundary and Water Commission,Agency Overall,2020,22,5,7,1,2,1,0,1,1,0,0,0,0,40
Legal Services Corporation,Agency Overall,2020,10,3,0,0,0,0,0,0,0,0,0,0,0,13
National Security Commission on Artificial Intelligence,Agency Overall,2020,8,0,0,1,0,0,0,0,0,0,0,0,0,9
Department of Justice,Agency Overall,2020,22409,9930,6366,4190,3267,2350,1410,1119,1858,940,1934,895,873,57541
Office of Special Counsel,Agency Overall,2020,33,9,7,2,4,0,2,2,0,2,4,1,0,66
Federal Maritime Commission,Agency Overall,2020,3,0,0,0,0,0,0,0,0,0,0,0,0,3
U.S. Commission for the Preservation of America’s Heritage Abroad,Agency Overall,2020,0,0,0,0,0,0,0,0,0,0,0,0,0,0
Securities and Exchange Commission,Agency Overall,2020,11323,1060,354,132,89,75,51,32,19,18,58,17,6,13234
Department of Transportation,Agency Overall,2020,8490,947,320,185,447,444,621,564,246,54,132,50,127,12627
Department of the Interior,Agency Overall,2020,1796,552,248,180,128,100,79,54,53,48,176,104,133,3651
United States International Trade Commission,Agency Overall,2020,29,0,0,0,0,0,0,0,0,0,0,0,0,29
Department of Homeland Security,Agency Overall,2020,109429,25313,15441,10097,5622,3563,2213,1487,1084,991,2009,611,359,178219
Federal Retirement Thrift Investment Board,Agency Overall,2020,12,8,3,0,0,0,1,0,0,0,0,0,0,24
Denali Commission,Agency Overall,2020,11,0,0,0,0,0,0,0,0,0,0,0,0,11
National Indian Gaming Commission,Agency Overall,2020,20,1,0,0,0,0,0,0,0,0,0,0,0,21
National Railroad Passenger Corporation,Agency Overall,2020,0,1,1,0,0,0,0,0,0,0,0,0,0,2
National Archives and Records Administration,Agency Overall,2020,23922,491,96,49,41,12,13,10,2,2,11,9,388,25046
Department of Education,Agency Overall,2020,1357,84,0,1,0,0,0,0,0,0,0,0,0,1442
Office of Navajo and Hopi Indian Relocation,Agency Overall,2020,25,0,0,0,0,0,0,0,0,0,0,0,0,25
Neighborhood Reinvestment Corporation,Agency Overall,2020,6,0,0,0,0,1,0,0,0,0,0,0,0,7
National Capital Planning Commission,Agency Overall,2020,9,0,0,0,0,0,0,0,0,0,0,0,0,9
National Labor Relations Board,Agency Overall,2020,945,148,32,16,11,5,6,6,2,4,9,2,1,1187
Department of the Treasury,Agency Overall,2020,1938,198,64,26,13,7,8,6,1,2,7,1,8,2279
U.S. Railroad Retirement Board,Agency Overall,2020,64,11,2,0,1,0,1,0,0,0,0,0,1,80
Commission of Fine Arts,Agency Overall,2020,6,1,0,0,0,0,0,0,0,0,0,0,0,7
U.S. Commission on Civil Rights,Agency Overall,2020,9,10,6,1,5,0,0,0,0,0,0,0,0,31
United States Access Board,Agency Overall,2020,21,0,0,4,0,0,0,3,2,0,1,0,0,31
Office of the United States Trade Representative,Agency Overall,2020,98,10,6,3,2,0,1,0,0,0,0,0,0,120
Occupational Safety and Health Review Commission,Agency Overall,2020,103,0,0,0,0,0,0,0,0,0,0,0,0,103
Chemical Safety and Hazard Investigation Board,Agency Overall,2020,37,15,4,0,0,0,0,0,0,0,0,1,10,67
Office of the Director of National Intelligence,Agency Overall,2020,187,0,0,0,1,1,0,0,0,0,0,1,0,190
Federal Communications Commission,Agency Overall,2020,344,33,0,0,0,0,0,0,0,0,0,0,0,377
AmeriCorps,Agency Overall,2020,29,4,1,0,0,0,0,0,0,0,0,0,0,34
Department of Commerce,Agency Overall,2020,595,136,50,16,13,16,8,10,10,25,39,25,38,981
Office of National Drug Control Policy,Agency Overall,2020,33,0,0,0,0,0,0,0,0,0,0,0,0,33
National Credit Union Administration,Agency Overall,2020,28,0,0,0,0,0,0,0,0,0,0,0,0,28
United States Copyright Office,Agency Overall,2020,44,5,0,1,0,0,0,0,0,0,0,0,0,50
Council of the Inspectors General on Integrity and Efficiency,Agency Overall,2020,8,2,0,0,0,0,0,0,0,1,0,0,0,11
Federal Mine Safety and Health Review Commission,Agency Overall,2020,28,1,1,0,0,0,0,0,0,0,0,0,0,30
Committee for Purchase from People Who Are Blind or Severely Disabled,Agency Overall,2020,0,1,0,0,0,0,0,0,0,0,0,0,0,1
United States Trade and Development Agency,Agency Overall,2020,3,1,1,1,0,0,0,0,0,0,0,0,0,6
U.S. International Development Finance Corporation,Agency Overall,2020,4,23,4,1,2,0,0,0,0,0,0,0,0,34
United States Postal Service,Agency Overall,2020,2549,217,38,10,3,4,0,0,0,0,0,0,1,2822
Small Business Administration,Agency Overall,2020,1352,923,95,29,15,5,6,2,0,0,1,0,0,2428
Appraisal Subcommittee,Agency Overall,2020,3,0,0,0,0,0,0,0,0,0,0,0,0,3
Surface Transportation Board,Agency Overall,2020,24,1,0,0,0,0,0,0,0,0,0,0,0,25
Social Security Administration,Agency Overall,2020,6450,438,111,24,453,49,45,3,1,2,0,1,0,7577
Marine Mammal Commission,Agency Overall,2020,2,0,0,0,0,0,0,0,0,0,0,0,0,2
Gulf Coast Ecosystem Restoration Council,Agency Overall,2020,4,0,0,0,0,0,0,0,0,0,0,0,0,4
National Mediation Board,Agency Overall,2020,17,0,0,0,0,0,0,0,0,0,0,0,0,17
National Transportation Safety Board,Agency Overall,2020,73,20,6,2,2,0,0,0,1,0,7,3,34,148
Office of Government Ethics,Agency Overall,2020,39,4,4,4,2,6,0,1,3,0,4,10,0,77
Office of Management and Budget,Agency Overall,2020,20,17,8,4,12,5,7,11,0,6,11,1,0,102
Farm Credit Administration,Agency Overall,2020,28,0,0,0,0,0,0,0,0,0,0,0,0,28
National Science Foundation,Agency Overall,2020,31,6,2,3,0,1,4,1,1,1,3,0,3,56
Merit Systems Protection Board,Agency Overall,2020,68,2,2,0,0,0,0,0,0,0,0,0,0,72
United States Institute of Peace,Agency Overall,2020,1,1,1,0,0,0,0,0,0,0,0,0,0,3
Social Security Advisory Board,Agency Overall,2020,4,0,0,0,0,0,0,0,0,0,0,0,0,4
Council on Environmental Quality,Agency Overall,2020,39,33,6,4,2,0,0,0,0,0,0,0,1,85
Administrative Conference of the United States,Agency Overall,2020,38,0,0,0,0,0,0,0,0,0,0,0,0,38
Office of Science and Technology Policy,Agency Overall,2020,9,3,1,4,5,2,0,1,0,1,1,3,11,41
U.S. Election Assistance Commission,Agency Overall,2020,7,0,2,0,0,1,0,2,0,0,0,0,0,12
Millennium Challenge Corporation,Agency Overall,2020,15,2,0,0,0,0,0,0,1,0,0,0,1,19
American Battle Monuments Commission,Agency Overall,2020,9,0,0,0,0,0,0,0,0,0,0,0,0,9
Federal Election Commission,Agency Overall,2020,52,12,5,1,2,1,2,0,0,1,2,1,0,79
Department of Health and Human Services,Agency Overall,2020,6956,887,572,456,373,183,178,309,297,302,1343,134,122,12112
Central Intelligence Agency,Agency Overall,2020,479,15,2,1,0,0,0,0,0,0,0,0,0,497
Selective Service System,Agency Overall,2020,43,0,0,0,0,0,0,0,0,0,0,0,0,43
Defense Nuclear Facilities Safety Board,Agency Overall,2020,11,3,0,0,1,0,0,0,0,0,0,0,0,15
U.S. Interagency Council on Homelessness,Agency Overall,2020,0,0,0,15,0,0,0,0,0,0,0,0,0,15
Federal Trade Commission,Agency Overall,2020,734,12,2,0,1,0,0,1,1,0,0,0,0,751
United States African Development Foundation,Agency Overall,2020,3,0,0,0,0,1,0,0,0,0,0,0,0,4
U.S. Nuclear Waste Technical Review Board,Agency Overall,2020,3,2,0,0,0,0,0,0,0,0,0,0,0,5
Department of Energy,Agency Overall,2020,367,132,87,53,35,36,33,21,14,17,48,18,34,895
Department of Housing and Urban Development,Agency Overall,2020,972,189,78,49,34,15,14,14,4,4,33,23,56,1485
U.S. Agency for International Development,Agency Overall,2020,2,0,0,0,0,0,0,0,0,0,0,1,0,3
Department of Veterans Affairs,Agency Overall,2020,2461,9333,2050,653,278,210,165,137,92,74,73,211,345,16082
U.S. Department of State,Agency Overall,2020,790,155,71,28,18,19,14,6,12,16,34,19,106,1288
Court Services and Offender Supervision Agency,Agency Overall,2020,40,0,0,0,0,0,0,0,0,0,0,0,0,40
Institute of Museum and Library Services,Agency Overall,2020,36,0,0,0,0,0,0,0,0,0,0,0,0,36
National Endowment for the Arts,Agency Overall,2020,30,6,0,0,0,0,0,0,0,0,0,0,0,36
Equal Employment Opportunity Commission,Agency Overall,2020,11720,779,178,151,140,130,43,18,9,19,13,2,3,13205
Export-Import Bank of the U.S.,Agency Overall,2020,28,10,2,6,0,0,0,1,0,0,0,1,0,48
Office of Personnel Management,Agency Overall,2020,7715,9,5,1,4,3,1,1,1,4,1,2,11,7758
Department of Labor,Agency Overall,2020,3444,565,190,140,97,80,63,56,44,33,91,21,45,4869
Federal Mediation and Conciliation Service,Agency Overall,2020,20,0,0,0,0,0,0,0,0,0,0,0,0,20
Federal Deposit Insurance Corporation,Agency Overall,2020,166,12,0,0,0,0,0,0,0,0,0,0,0,178
National Aeronautics and Space Administration,Agency Overall,2020,281,36,6,4,0,1,2,0,0,1,0,0,0,331
Advisory Council on Historic Preservation,Agency Overall,2020,9,0,0,0,0,0,0,0,1,1,1,0,0,12
Postal Regulatory Commission,Agency Overall,2020,33,2,0,1,0,0,0,0,0,0,0,0,0,36
James Madison Memorial Fellowship Foundation,Agency Overall,2020,1,0,0,0,0,0,0,0,0,0,0,0,0,1
Peace Corps,Agency Overall,2020,105,15,8,7,6,6,6,0,0,1,9,5,7,175
Office of the Special Inspector General for Afghanistan Reconstruction,Agency Overall,2020,0,1,0,0,0,0,0,0,0,0,0,0,0,1
Harry S. Truman Scholarship Foundation,Agency Overall,2020,4,0,0,0,0,0,0,0,0,0,0,0,0,4
Department of Defense,Agency Overall,2020,20284,1023,322,191,100,68,69,49,28,31,80,56,116,22417
Environmental Protection Agency,Agency Overall,2020,3517,775,285,154,95,49,63,48,40,33,84,73,402,5618
Federal Housing Finance Agency,Agency Overall,2020,66,6,0,0,0,0,0,0,0,0,0,0,0,72
National Council on Disability,Agency Overall,2020,13,2,0,0,0,0,0,0,0,0,0,0,0,15
Privacy and Civil Liberties Oversight Board,Agency Overall,2020,22,1,2,0,2,0,0,0,0,0,0,0,0,27
U.S. Agency for Global Media,Agency Overall,2020,3,12,4,2,3,1,0,0,0,0,2,0,0,27
Farm Credit System Insurance Corporation,Agency Overall,2020,10,1,0,0,0,0,0,0,0,0,0,0,0,11
National Endowment for the Humanities,Agency Overall,2020,110,1,0,0,0,0,0,0,0,0,0,0,0,111
National Council on Disability,Agency Overall,2021,4,1,0,0,0,0,0,0,0,0,0,0,0,5
United States Copyright Office,Agency Overall,2021,27,6,0,0,0,0,0,0,0,0,0,0,0,33
Federal Financial Institutions Examination Council,Agency Overall,2021,7,2,0,0,0,0,0,0,0,0,0,0,0,9
National Credit Union Administration,Agency Overall,2021,19,0,0,0,0,0,0,0,0,0,0,0,0,19
Pension Benefit Guaranty Corporation,Agency Overall,2021,1690,279,31,4,0,0,0,0,0,0,0,0,0,2004
Commission of Fine Arts,Agency Overall,2021,8,2,0,0,0,0,0,0,0,0,0,0,0,10
United States African Development Foundation,Agency Overall,2021,0,1,0,0,0,0,0,0,0,0,0,0,0,1
Consumer Product Safety Commission,Agency Overall,2021,79,14,8,4,4,4,3,1,2,3,2,6,11,141
Council on Environmental Quality,Agency Overall,2021,7,7,2,3,1,0,0,1,0,0,2,1,2,26
Council of the Inspectors General on Integrity and Efficiency,Agency Overall,2021,2,0,0,0,0,0,0,0,0,0,0,0,0,2
Harry S. Truman Scholarship Foundation,Agency Overall,2021,0,0,0,0,0,0,0,0,0,0,0,0,0,0
AmeriCorps,Agency Overall,2021,19,5,2,1,1,1,0,1,0,1,0,0,0,31
Advisory Council on Historic Preservation,Agency Overall,2021,0,0,2,0,0,2,0,0,0,1,0,0,0,5
Federal Mediation and Conciliation Service,Agency Overall,2021,10,2,3,2,1,0,0,0,0,0,0,0,0,18
U.S. Agency for Global Media,Agency Overall,2021,16,13,3,3,4,2,1,1,5,2,17,5,2,74
Office of the United States Trade Representative,Agency Overall,2021,53,12,8,0,1,0,0,0,0,0,0,0,0,74
Social Security Advisory Board,Agency Overall,2021,6,2,0,0,0,0,0,0,0,0,0,0,0,8
National Endowment for the Humanities,Agency Overall,2021,38,0,0,0,0,0,0,0,0,0,0,0,0,38
Marine Mammal Commission,Agency Overall,2021,5,1,0,0,0,0,0,0,0,0,0,0,0,6
Administrative Conference of the United States,Agency Overall,2021,40,0,0,0,0,0,0,0,0,0,0,0,0,40
Legal Services Corporation,Agency Overall,2021,14,6,2,0,0,0,0,0,0,0,0,0,0,22
Surface Transportation Board,Agency Overall,2021,28,0,0,0,0,0,0,0,0,0,0,0,0,28
Department of the Interior,Agency Overall,2021,1607,473,211,115,86,81,70,52,43,53,101,107,241,3240
Office of Special Counsel,Agency Overall,2021,26,14,16,12,4,4,2,3,0,0,0,0,0,81
Office of Science and Technology Policy,Agency Overall,2021,20,11,2,3,2,0,0,1,0,0,1,0,1,41
Federal Energy Regulatory Commission,Agency Overall,2021,1,3,0,0,0,0,0,0,0,0,0,0,0,4
Armed Forces Retirement Home,Agency Overall,2021,8,1,0,0,0,0,0,0,0,0,0,0,0,9
U.S. Agency for International Development,Agency Overall,2021,11,4,1,0,0,2,1,0,1,0,0,2,9,31
Department of Education,Agency Overall,2021,1120,84,1,2,1,0,0,0,0,1,1,0,3,1213
Department of Health and Human Services,Agency Overall,2021,5504,700,445,383,398,380,343,383,344,321,1162,97,447,10907
Department of Housing and Urban Development,Agency Overall,2021,759,164,70,39,22,15,13,11,11,6,45,55,197,1407
Federal Mine Safety and Health Review Commission,Agency Overall,2021,30,0,0,0,0,0,0,0,0,0,0,0,0,30
U.S. Interagency Council on Homelessness,Agency Overall,2021,0,0,0,0,0,0,0,0,0,0,0,0,0,0
United States International Boundary and Water Commission,Agency Overall,2021,7,9,1,0,1,0,0,0,0,0,0,0,0,18
Gulf Coast Ecosystem Restoration Council,Agency Overall,2021,4,0,0,0,0,0,0,0,0,0,0,0,0,4
U.S. Commission on Civil Rights,Agency Overall,2021,10,5,5,1,2,1,1,1,1,0,0,0,2,29
Committee for Purchase from People Who Are Blind or Severely Disabled,Agency Overall,2021,2,0,1,0,0,0,0,0,0,0,0,0,0,3
Institute of Museum and Library Services,Agency Overall,2021,38,1,0,0,0,0,0,0,0,0,0,0,0,39
Federal Retirement Thrift Investment Board,Agency Overall,2021,13,12,1,4,0,1,1,0,0,0,0,0,0,32
Equal Employment Opportunity Commission,Agency Overall,2021,8171,2211,643,390,248,145,130,119,88,49,145,7,1,12347
U.S. Commission for the Preservation of America’s Heritage Abroad,Agency Overall,2021,1,2,0,0,0,0,0,0,0,0,0,0,0,3
Millennium Challenge Corporation,Agency Overall,2021,11,9,1,0,0,0,0,0,0,0,0,0,0,21
James Madison Memorial Fellowship Foundation,Agency Overall,2021,7,1,0,0,0,0,0,0,0,0,0,0,0,8
Office of the Special Inspector General for Afghanistan Reconstruction,Agency Overall,2021,7,0,0,0,0,0,0,0,0,0,0,0,0,7
Department of Justice,Agency Overall,2021,18472,2644,2251,5087,4674,3548,1640,1289,852,805,1832,816,304,44214
Office of the Director of National Intelligence,Agency Overall,2021,210,1,0,0,0,0,0,0,0,0,1,0,1,213
Selective Service System,Agency Overall,2021,38,0,0,0,0,0,0,0,0,0,0,0,0,38
Federal Open Market Committee,Agency Overall,2021,18,2,1,0,0,0,0,0,0,0,0,0,0,21
General Services Administration,Agency Overall,2021,517,0,0,0,0,0,0,0,0,0,0,0,0,517
National Endowment for the Arts,Agency Overall,2021,32,8,0,0,0,0,0,0,0,0,0,0,0,40
Federal Labor Relations Authority,Agency Overall,2021,67,2,0,0,0,0,0,0,0,0,0,0,0,69
U.S. Department of State,Agency Overall,2021,736,26,11,9,11,21,18,9,10,6,20,15,45,937
National Aeronautics and Space Administration,Agency Overall,2021,235,48,10,6,4,2,3,1,0,0,0,0,0,309
Denali Commission,Agency Overall,2021,9,0,0,0,0,0,0,0,0,0,0,0,0,9
U.S. Election Assistance Commission,Agency Overall,2021,20,2,0,1,0,0,1,1,0,0,2,0,1,28
U.S. Railroad Retirement Board,Agency Overall,2021,57,7,1,1,3,0,0,0,0,1,0,0,0,70
Social Security Administration,Agency Overall,2021,10514,1286,885,807,419,107,100,23,2,1,5,1,0,14150
Central Intelligence Agency,Agency Overall,2021,602,2,1,2,0,0,0,0,0,0,0,0,0,607
United States Postal Service,Agency Overall,2021,3152,354,98,44,25,14,11,3,2,1,5,1,1,3711
National Labor Relations Board,Agency Overall,2021,1101,77,21,4,0,1,0,0,0,1,2,0,0,1207
Privacy and Civil Liberties Oversight Board,Agency Overall,2021,22,4,1,1,0,0,0,0,0,0,0,0,0,28
U.S. International Development Finance Corporation,Agency Overall,2021,37,6,3,2,0,2,0,0,3,1,2,1,0,57
Farm Credit Administration,Agency Overall,2021,55,0,0,0,0,0,0,0,0,0,0,0,0,55
Department of Veterans Affairs,Agency Overall,2021,11147,2720,994,761,615,512,380,338,231,325,695,354,405,19477
Farm Credit System Insurance Corporation,Agency Overall,2021,5,0,0,0,0,0,0,0,0,0,0,0,0,5
United States International Trade Commission,Agency Overall,2021,22,0,0,0,0,0,0,0,0,0,0,0,0,22
National Capital Planning Commission,Agency Overall,2021,7,0,0,0,0,0,0,0,0,0,0,0,0,7
Office of Government Ethics,Agency Overall,2021,46,9,11,9,1,7,3,1,1,1,6,5,2,102
National Railroad Passenger Corporation,Agency Overall,2021,22,1,0,0,0,0,0,0,0,0,0,0,0,23
Appraisal Subcommittee,Agency Overall,2021,11,1,0,0,0,0,0,0,0,0,0,0,0,12
Department of Energy,Agency Overall,2021,387,130,71,34,22,19,11,10,9,8,32,15,39,787
Occupational Safety and Health Review Commission,Agency Overall,2021,142,0,0,0,0,0,0,0,0,0,0,0,0,142
Inter-American Foundation,Agency Overall,2021,4,2,1,0,0,0,0,0,0,0,0,0,0,7
Court Services and Offender Supervision Agency,Agency Overall,2021,32,0,0,0,0,0,0,0,0,0,0,0,0,32
Federal Housing Finance Agency,Agency Overall,2021,60,10,2,0,1,0,0,2,0,0,0,0,0,75
Office of Personnel Management,Agency Overall,2021,38,4,4,4,0,0,1,0,0,0,0,0,8,59
Postal Regulatory Commission,Agency Overall,2021,23,2,0,0,0,0,0,0,0,0,0,0,0,25
Department of Transportation,Agency Overall,2021,8567,1046,451,274,315,323,363,311,361,265,348,81,150,12855
Presidio Trust,Agency Overall,2021,16,7,0,0,0,0,0,0,0,0,0,0,0,23
Environmental Protection Agency,Agency Overall,2021,3150,630,221,125,77,61,38,41,32,20,65,33,172,4665
National Mediation Board,Agency Overall,2021,19,0,0,0,0,0,0,0,0,0,0,0,0,19
American Battle Monuments Commission,Agency Overall,2021,9,0,0,0,0,0,0,0,0,0,0,0,0,9
National Transportation Safety Board,Agency Overall,2021,86,43,13,4,3,1,1,1,0,0,0,0,0,152
Federal Deposit Insurance Corporation,Agency Overall,2021,95,13,0,1,0,0,0,0,1,0,0,1,0,111
Federal Communications Commission,Agency Overall,2021,326,49,2,0,0,0,0,0,0,0,0,0,0,377
Small Business Administration,Agency Overall,2021,6276,1103,649,357,183,108,202,334,51,28,145,2,0,9438
Department of Commerce,Agency Overall,2021,719,156,67,33,13,15,12,7,8,4,19,10,44,1107
Office of National Drug Control Policy,Agency Overall,2021,24,1,0,0,0,0,0,0,0,0,0,0,0,25
Consumer Financial Protection Bureau,Agency Overall,2021,117,12,1,0,0,0,0,0,0,0,0,0,0,130
Peace Corps,Agency Overall,2021,57,10,5,4,5,8,1,4,6,0,6,8,8,122
Office of Navajo and Hopi Indian Relocation,Agency Overall,2021,12,1,1,1,0,0,0,0,0,0,0,0,0,15
National Science Foundation,Agency Overall,2021,32,4,6,3,4,2,1,6,4,5,6,0,3,76
Department of Agriculture,Agency Overall,2021,17424,663,287,178,113,88,134,94,65,61,250,227,203,19787
Department of Labor,Agency Overall,2021,5027,931,450,284,189,109,84,70,49,35,97,56,79,7460
Commodity Futures Trading Commission,Agency Overall,2021,75,21,7,2,1,2,2,0,1,0,1,0,0,112
United States Institute of Peace,Agency Overall,2021,2,0,0,0,1,0,0,1,1,3,0,0,0,8
Department of the Treasury,Agency Overall,2021,1830,151,56,38,15,14,12,8,7,3,17,6,20,2177
Chemical Safety and Hazard Investigation Board,Agency Overall,2021,45,17,12,9,2,1,3,0,0,0,1,0,0,90
Nuclear Regulatory Commission,Agency Overall,2021,92,16,7,2,2,2,1,0,1,0,0,0,1,124
Federal Maritime Commission,Agency Overall,2021,5,2,0,0,0,0,0,0,0,0,0,0,0,7
Neighborhood Reinvestment Corporation,Agency Overall,2021,3,0,0,0,0,0,0,0,0,0,0,0,0,3
Merit Systems Protection Board,Agency Overall,2021,101,2,0,0,0,0,0,0,0,0,0,0,0,103
National Archives and Records Administration,Agency Overall,2021,1583,140,100,90,83,77,63,117,831,1532,1310,207,204,6337
Securities and Exchange Commission,Agency Overall,2021,10264,916,271,165,125,79,69,53,32,24,53,28,12,12091
Federal Reserve System,Agency Overall,2021,180,8,0,0,0,0,0,0,0,0,0,0,0,188
Federal Election Commission,Agency Overall,2021,39,2,1,0,1,0,0,0,0,0,0,0,0,43
Office of Management and Budget,Agency Overall,2021,29,18,4,5,4,6,4,3,10,8,73,3,2,169
United States Trade and Development Agency,Agency Overall,2021,9,1,0,0,0,0,0,0,0,0,0,0,0,10
U.S. Nuclear Waste Technical Review Board,Agency Overall,2021,3,2,0,0,0,0,0,0,0,0,0,0,0,5
United States Access Board,Agency Overall,2021,6,2,0,0,0,0,0,0,0,0,0,0,0,8
Federal Trade Commission,Agency Overall,2021,780,20,1,1,2,0,1,0,0,0,0,0,0,805
National Indian Gaming Commission,Agency Overall,2021,25,1,0,0,0,0,0,0,0,0,0,0,0,26
Morris K. Udall and Stewart L. Udall Foundation,Agency Overall,2021,0,0,0,0,0,0,0,0,0,0,0,0,0,0
Department of Defense,Agency Overall,2021,18753,958,346,148,102,79,50,49,46,27,104,52,107,20821
Tennessee Valley Authority,Agency Overall,2021,128,19,2,2,1,0,0,0,0,0,0,0,0,152
Export-Import Bank of the U.S.,Agency Overall,2021,13,7,4,0,0,0,0,0,0,0,0,0,1,25
Department of Homeland Security,Agency Overall,2021,94047,28696,12421,9850,4901,3798,1997,399,123,64,253,81,87,156717
Defense Nuclear Facilities Safety Board,Agency Overall,2021,12,2,0,0,0,0,0,0,0,0,0,0,0,14
Department of Veterans Affairs,Agency Overall,2022,15333,1895,386,311,226,89,31,20,12,9,32,21,111,18476
Central Intelligence Agency,Agency Overall,2022,195,4,0,0,0,0,0,0,2,0,0,0,0,201
Commission of Fine Arts,Agency Overall,2022,4,7,0,0,0,0,0,0,0,0,0,0,0,11
National Science Foundation,Agency Overall,2022,26,7,0,6,2,1,0,1,0,1,4,3,0,51
Department of Justice,Agency Overall,2022,17134,3613,2905,1092,1663,1839,1297,991,1194,1259,4783,3379,3711,44860
Federal Maritime Commission,Agency Overall,2022,8,5,8,4,0,0,0,0,0,0,0,0,0,25
Advisory Council on Historic Preservation,Agency Overall,2022,0,0,10,0,0,0,0,0,0,0,0,0,0,10
General Services Administration,Agency Overall,2022,489,1,0,0,0,0,0,0,0,0,0,0,0,490
Occupational Safety and Health Review Commission,Agency Overall,2022,84,0,0,0,0,0,0,0,0,0,0,0,0,84
Federal Retirement Thrift Investment Board,Agency Overall,2022,22,9,3,1,0,0,0,2,0,0,0,0,0,37
Office of Science and Technology Policy,Agency Overall,2022,13,3,1,3,1,0,0,0,0,0,0,0,13,34
United States Trade and Development Agency,Agency Overall,2022,5,2,2,1,0,2,2,1,0,0,1,0,0,16
National Aeronautics and Space Administration,Agency Overall,2022,266,36,10,0,0,0,0,0,0,0,0,0,0,312
Court Services and Offender Supervision Agency,Agency Overall,2022,109,0,0,0,0,0,0,0,0,0,0,0,0,109
Federal Mediation and Conciliation Service,Agency Overall,2022,50,2,0,0,0,0,0,0,0,0,0,0,0,52
Marine Mammal Commission,Agency Overall,2022,6,1,0,0,0,0,0,0,0,0,0,0,0,7
Appraisal Subcommittee,Agency Overall,2022,13,1,0,0,0,0,0,0,0,0,0,0,0,14
U.S. Nuclear Waste Technical Review Board,Agency Overall,2022,7,1,0,0,0,0,0,0,0,0,0,0,0,8
Office of Management and Budget,Agency Overall,2022,61,21,14,9,11,8,7,4,3,4,27,10,57,236
Morris K. Udall and Stewart L. Udall Foundation,Agency Overall,2022,3,0,0,0,0,0,0,0,0,0,0,0,0,3
Chemical Safety and Hazard Investigation Board,Agency Overall,2022,23,20,11,3,1,1,1,0,0,0,3,1,1,65
Federal Housing Finance Agency,Agency Overall,2022,47,7,3,0,0,0,1,1,0,0,1,0,0,60
United States Postal Service,Agency Overall,2022,2767,287,61,34,16,10,12,10,14,4,31,17,11,3274
Department of the Interior,Agency Overall,2022,1860,551,253,146,101,72,59,64,51,35,176,107,406,3881
Tennessee Valley Authority,Agency Overall,2022,1,108,17,0,0,0,0,0,0,0,0,0,0,126
Harry S. Truman Scholarship Foundation,Agency Overall,2022,0,0,0,0,0,0,0,0,0,0,0,0,0,0
Millennium Challenge Corporation,Agency Overall,2022,12,6,1,0,1,0,0,0,3,0,0,0,0,23
Privacy and Civil Liberties Oversight Board,Agency Overall,2022,22,2,0,0,0,0,0,0,0,0,0,0,0,24
Presidio Trust,Agency Overall,2022,3,1,0,0,0,0,0,0,0,0,0,0,0,4
Export-Import Bank of the U.S.,Agency Overall,2022,34,8,2,0,0,0,0,0,1,1,0,0,2,48
Committee for Purchase from People Who Are Blind or Severely Disabled,Agency Overall,2022,0,0,1,0,1,0,0,0,0,0,0,0,0,2
U.S. Department of State,Agency Overall,2022,946,89,14,8,16,11,7,8,7,7,18,19,55,1205
Farm Credit Administration,Agency Overall,2022,31,6,0,0,0,0,0,0,0,0,0,0,0,37
U.S. Commission on Civil Rights,Agency Overall,2022,39,3,1,1,0,0,0,0,0,0,0,0,0,44
Social Security Administration,Agency Overall,2022,10266,924,65,24,7,7,4,2,2,3,10,5,1,11320
National Indian Gaming Commission,Agency Overall,2022,43,0,0,0,0,0,0,0,0,0,0,0,0,43
United States African Development Foundation,Agency Overall,2022,0,0,0,0,0,0,0,0,0,0,0,0,0,0
National Credit Union Administration,Agency Overall,2022,17,0,0,0,0,0,0,0,0,0,0,0,0,17
AmeriCorps,Agency Overall,2022,16,8,1,2,0,0,0,0,0,1,0,1,0,29
U.S. Election Assistance Commission,Agency Overall,2022,40,3,3,2,1,1,0,0,0,0,1,3,5,59
Federal Deposit Insurance Corporation,Agency Overall,2022,171,35,9,4,1,0,0,0,0,0,0,0,0,220
Office of National Drug Control Policy,Agency Overall,2022,38,3,0,0,0,0,0,0,0,0,0,0,0,41
Office of Navajo and Hopi Indian Relocation,Agency Overall,2022,13,2,0,0,0,0,0,0,0,0,0,0,0,15
Council on Environmental Quality,Agency Overall,2022,22,27,6,8,1,0,3,1,2,1,2,0,3,76
Merit Systems Protection Board,Agency Overall,2022,81,6,0,0,0,0,0,0,0,0,0,0,0,87
Office of Special Counsel,Agency Overall,2022,34,18,9,8,0,0,0,0,0,1,0,0,0,70
Office of the Special Inspector General for Afghanistan Reconstruction,Agency Overall,2022,3,5,0,0,0,0,0,0,0,0,0,0,0,8
Peace Corps,Agency Overall,2022,43,12,8,5,3,2,2,3,2,1,1,1,15,98
Council of the Inspectors General on Integrity and Efficiency,Agency Overall,2022,11,0,0,0,0,0,0,0,0,0,0,0,0,11
Gulf Coast Ecosystem Restoration Council,Agency Overall,2022,5,0,0,0,0,0,0,0,0,0,0,0,0,5
Federal Trade Commission,Agency Overall,2022,883,26,4,2,1,0,0,0,0,0,0,0,0,916
Department of Labor,Agency Overall,2022,5395,646,260,145,139,83,72,46,44,37,101,38,28,7034
Federal Communications Commission,Agency Overall,2022,328,58,11,11,3,0,1,0,0,0,1,0,0,413
James Madison Memorial Fellowship Foundation,Agency Overall,2022,4,0,0,0,0,0,0,0,0,0,0,0,0,4
Nuclear Regulatory Commission,Agency Overall,2022,73,19,5,4,3,2,1,0,0,0,1,0,0,108
U.S. Interagency Council on Homelessness,Agency Overall,2022,0,0,0,0,0,0,0,0,0,0,0,0,0,0
United States International Trade Commission,Agency Overall,2022,21,0,0,0,0,0,0,0,0,0,0,0,0,21
Institute of Museum and Library Services,Agency Overall,2022,21,1,0,0,0,0,0,0,0,0,0,0,0,22
National Labor Relations Board,Agency Overall,2022,1278,160,30,14,9,4,3,0,0,1,1,0,0,1500
Denali Commission,Agency Overall,2022,7,0,0,0,0,0,0,0,0,0,0,0,0,7
Federal Reserve System,Agency Overall,2022,175,6,0,0,0,0,0,0,0,0,0,0,0,181
Inter-American Foundation,Agency Overall,2022,8,0,0,0,0,0,0,0,0,0,0,0,0,8
Neighborhood Reinvestment Corporation,Agency Overall,2022,2,4,0,0,0,0,0,0,0,0,0,0,0,6
National Transportation Safety Board,Agency Overall,2022,140,50,30,21,10,3,0,1,2,0,4,4,1,266
Federal Financial Institutions Examination Council,Agency Overall,2022,8,0,0,0,0,0,0,0,0,0,0,0,0,8
National Archives and Records Administration,Agency Overall,2022,3925,1611,1021,572,708,549,470,290,269,298,1453,1110,1623,13899
Selective Service System,Agency Overall,2022,48,0,0,0,0,0,0,0,0,0,0,0,0,48
United States Copyright Office,Agency Overall,2022,28,3,0,1,0,0,0,0,0,0,0,0,0,32
Department of Transportation,Agency Overall,2022,10950,2014,614,627,638,328,212,150,118,180,644,190,249,16914
Office of the Director of National Intelligence,Agency Overall,2022,212,1,1,0,0,0,0,0,0,0,0,0,2,216
Social Security Advisory Board,Agency Overall,2022,10,0,0,0,0,0,0,0,0,0,0,0,0,10
National Capital Planning Commission,Agency Overall,2022,4,0,0,0,0,0,0,0,0,0,0,0,0,4
Pension Benefit Guaranty Corporation,Agency Overall,2022,2113,223,37,0,0,0,0,0,0,0,0,0,0,2373
Department of Agriculture,Agency Overall,2022,13467,671,271,166,109,86,57,45,32,35,95,172,277,15483
Farm Credit System Insurance Corporation,Agency Overall,2022,16,2,0,0,0,0,0,0,0,0,0,0,0,18
Department of Housing and Urban Development,Agency Overall,2022,750,220,80,41,24,7,14,18,10,20,72,34,83,1373
Department of Energy,Agency Overall,2022,440,168,48,45,26,11,19,5,12,10,16,4,7,811
Department of Health and Human Services,Agency Overall,2022,9842,680,267,116,63,45,28,46,29,32,75,41,266,11530
Office of Personnel Management,Agency Overall,2022,117,64,32,27,25,14,8,3,5,7,9,5,13,329
Defense Nuclear Facilities Safety Board,Agency Overall,2022,7,3,1,0,1,0,0,0,0,1,0,0,0,13
National Council on Disability,Agency Overall,2022,9,1,0,0,0,0,0,0,0,0,0,0,0,10
Small Business Administration,Agency Overall,2022,4088,440,106,64,34,38,29,26,167,190,751,137,29,6099
Armed Forces Retirement Home,Agency Overall,2022,6,1,0,0,0,0,0,0,0,0,0,0,0,7
Office of the United States Trade Representative,Agency Overall,2022,43,9,4,1,1,0,0,0,0,0,0,0,0,58
Consumer Product Safety Commission,Agency Overall,2022,74,7,1,1,2,1,0,2,2,2,3,0,12,107
Department of Defense,Agency Overall,2022,20010,1046,350,140,83,39,33,43,42,29,86,59,232,22192
Federal Election Commission,Agency Overall,2022,39,2,0,0,0,0,0,0,0,0,0,0,0,41
Equal Employment Opportunity Commission,Agency Overall,2022,10504,1487,125,45,21,12,5,1,2,2,5,2,5,12216
Federal Open Market Committee,Agency Overall,2022,24,0,0,0,0,0,0,0,0,0,0,0,0,24
Environmental Protection Agency,Agency Overall,2022,2010,557,166,107,65,38,34,22,13,7,33,23,50,3125
U.S. Railroad Retirement Board,Agency Overall,2022,48,9,2,2,0,0,0,0,0,0,1,0,0,62
Administrative Conference of the United States,Agency Overall,2022,27,0,0,0,0,0,0,0,0,0,0,0,0,27
Commodity Futures Trading Commission,Agency Overall,2022,47,6,3,2,2,2,0,1,0,0,1,0,0,64
U.S. Commission for the Preservation of America’s Heritage Abroad,Agency Overall,2022,0,0,0,0,0,0,0,0,0,0,1,0,1,2
Postal Regulatory Commission,Agency Overall,2022,40,2,1,0,0,0,0,0,0,0,0,0,0,43
United States Access Board,Agency Overall,2022,9,1,0,0,0,0,0,0,0,0,0,0,1,11
Department of Education,Agency Overall,2022,845,1,0,1,0,0,0,0,0,0,0,0,0,847
Federal Permitting Improvement Steering Council,Agency Overall,2022,0,0,2,0,1,0,0,0,0,0,0,0,0,3
National Mediation Board,Agency Overall,2022,17,2,0,0,0,0,0,0,0,0,0,0,0,19
U.S. International Development Finance Corporation,Agency Overall,2022,11,7,1,0,0,2,0,0,1,0,1,7,0,30
United States Institute of Peace,Agency Overall,2022,1,0,1,0,0,1,0,0,0,0,1,0,0,4
Securities and Exchange Commission,Agency Overall,2022,7579,0,0,0,0,0,0,0,0,0,0,0,0,7579
American Battle Monuments Commission,Agency Overall,2022,22,1,0,0,0,0,0,0,0,0,0,0,0,23
United States International Boundary and Water Commission,Agency Overall,2022,17,6,2,1,1,0,1,0,0,2,0,0,0,30
National Endowment for the Humanities,Agency Overall,2022,40,0,0,0,0,0,0,0,0,0,0,0,0,40
Federal Energy Regulatory Commission,Agency Overall,2022,8,8,3,0,0,0,0,0,0,0,0,1,0,20
Legal Services Corporation,Agency Overall,2022,16,11,2,0,0,0,0,0,0,0,0,0,0,29
Consumer Financial Protection Bureau,Agency Overall,2022,226,14,0,0,0,0,0,0,0,0,0,0,0,240
Department of Commerce,Agency Overall,2022,565,199,89,33,28,20,31,26,33,21,49,22,56,1172
U.S. Agency for International Development,Agency Overall,2022,0,0,0,2,0,0,0,0,0,0,2,0,0,4
Surface Transportation Board,Agency Overall,2022,66,1,0,0,0,0,0,0,0,0,0,0,0,67
Department of the Treasury,Agency Overall,2022,1832,114,30,15,8,7,8,6,7,4,12,9,16,2068
National Endowment for the Arts,Agency Overall,2022,17,16,1,0,0,0,0,0,0,0,0,0,0,34
Department of Homeland Security,Agency Overall,2022,112024,0,0,0,0,0,0,0,0,0,0,0,0,112024
Office of the Intellectual Property Enforcement Coordinator,Agency Overall,2022,0,0,0,0,0,0,0,0,0,0,0,0,0,0
Office of Government Ethics,Agency Overall,2022,69,9,7,3,0,0,0,2,2,1,1,1,1,96
Federal Mine Safety and Health Review Commission,Agency Overall,2022,31,3,0,0,0,0,0,0,0,0,0,0,0,34
National Railroad Passenger Corporation,Agency Overall,2022,12,43,20,6,4,5,4,2,2,0,1,9,7,115
Federal Labor Relations Authority,Agency Overall,2022,60,30,8,1,1,0,0,0,0,0,0,0,0,100
Federal Reserve System,Agency Overall,2023,123,7,0,0,0,0,0,0,0,0,0,0,0,130
Federal Mediation and Conciliation Service,Agency Overall,2023,36,11,0,0,0,0,0,0,0,0,0,0,0,47
Commodity Futures Trading Commission,Agency Overall,2023,92,1,1,0,0,0,0,0,0,0,0,0,0,94
Consumer Product Safety Commission,Agency Overall,2023,67,9,2,6,1,0,1,0,0,0,0,4,26,116
Administrative Conference of the United States,Agency Overall,2023,43,0,0,0,0,0,0,0,0,0,0,0,0,43
Farm Credit Administration,Agency Overall,2023,48,0,0,0,0,0,0,0,0,0,0,0,0,48
Nuclear Regulatory Commission,Agency Overall,2023,93,24,6,3,2,0,0,0,0,0,0,0,0,128
National Transportation Safety Board,Agency Overall,2023,227,34,8,6,5,3,3,3,0,5,18,8,1,321
Department of Veterans Affairs,Agency Overall,2023,46278,2373,839,530,1525,5411,1780,85,39,36,68,52,152,59168
Department of Homeland Security,Agency Overall,2023,19123,52,0,0,0,0,0,0,0,0,0,0,0,19175
Office of Management and Budget,Agency Overall,2023,34,11,12,6,10,6,2,6,3,1,12,6,84,193
Social Security Administration,Agency Overall,2023,6489,1781,230,44,162,462,372,125,29,10,6,0,0,9710
U.S. Election Assistance Commission,Agency Overall,2023,12,1,0,0,0,0,0,0,0,0,1,74,2,90
Office of Personnel Management,Agency Overall,2023,322,50,28,22,16,9,4,12,4,5,19,7,5,503
National Indian Gaming Commission,Agency Overall,2023,36,1,0,0,0,0,0,0,0,0,0,0,0,37
Office of the Special Inspector General for Afghanistan Reconstruction,Agency Overall,2023,1,4,0,0,0,0,0,0,0,0,0,0,0,5
Peace Corps,Agency Overall,2023,37,23,5,1,3,1,3,1,4,0,5,6,5,94
Court Services and Offender Supervision Agency,Agency Overall,2023,163,0,0,0,0,0,0,0,0,0,0,0,0,163
Office of National Drug Control Policy,Agency Overall,2023,31,0,0,0,0,0,0,0,0,0,0,0,0,31
Department of Energy,Agency Overall,2023,568,199,86,46,29,18,14,9,6,6,17,1,10,1009
National Endowment for the Humanities,Agency Overall,2023,24,0,0,0,0,0,0,0,0,0,0,0,0,24
National Railroad Passenger Corporation,Agency Overall,2023,204,28,20,10,6,8,6,5,5,5,20,18,11,346
Occupational Safety and Health Review Commission,Agency Overall,2023,128,0,0,0,0,0,0,0,0,0,0,0,0,128
Committee for Purchase from People Who Are Blind or Severely Disabled,Agency Overall,2023,0,0,0,0,0,0,0,0,0,0,0,0,0,0
Institute of Museum and Library Services,Agency Overall,2023,17,3,0,0,0,0,0,0,0,0,0,0,0,20
National Science Foundation,Agency Overall,2023,29,2,7,3,4,0,1,2,0,0,2,1,4,55
Department of Commerce,Agency Overall,2023,793,247,94,65,34,31,26,13,11,14,33,26,49,1436
Department of Defense,Agency Overall,2023,23762,1312,448,228,184,127,93,103,68,66,179,72,507,27149
Morris K. Udall and Stewart L. Udall Foundation,Agency Overall,2023,10,0,0,0,0,0,0,0,0,0,0,0,0,10
Department of the Interior,Agency Overall,2023,2066,668,317,173,114,84,80,50,47,33,269,101,470,4472
National Archives and Records Administration,Agency Overall,2023,56037,2178,984,970,283,118,66,64,62,76,254,164,854,62110
Department of Labor,Agency Overall,2023,6588,715,290,173,95,74,33,47,30,24,63,55,40,8227
U.S. Interagency Council on Homelessness,Agency Overall,2023,1,0,0,0,0,0,0,0,0,0,0,0,0,1
Office of Navajo and Hopi Indian Relocation,Agency Overall,2023,24,3,0,0,0,0,0,0,0,0,0,0,0,27
Office of Science and Technology Policy,Agency Overall,2023,12,3,0,0,0,1,0,0,0,0,0,0,4,20
Advisory Council on Historic Preservation,Agency Overall,2023,0,0,10,2,0,0,0,0,0,0,0,0,0,12
U.S. International Development Finance Corporation,Agency Overall,2023,16,6,1,1,0,0,0,0,0,0,1,0,0,25
Office of Special Counsel,Agency Overall,2023,62,11,7,3,0,0,0,0,0,0,0,0,0,83
Federal Open Market Committee,Agency Overall,2023,10,0,0,0,0,0,0,0,0,0,0,0,0,10
Department of Agriculture,Agency Overall,2023,12116,807,422,235,142,100,99,48,50,53,121,83,214,14490
Environmental Protection Agency,Agency Overall,2023,2085,567,215,99,77,50,39,26,21,13,54,28,77,3351
Millennium Challenge Corporation,Agency Overall,2023,24,3,8,5,0,0,0,0,0,0,0,0,0,40
Appraisal Subcommittee,Agency Overall,2023,23,1,0,0,0,0,0,0,0,0,0,0,0,24
Federal Maritime Commission,Agency Overall,2023,16,10,3,0,1,0,0,0,0,0,1,0,0,31
Farm Credit System Insurance Corporation,Agency Overall,2023,23,0,0,0,0,0,0,0,0,0,0,0,0,23
General Services Administration,Agency Overall,2023,342,95,47,28,17,10,7,10,5,7,12,7,7,594
Federal Financial Institutions Examination Council,Agency Overall,2023,13,2,1,0,0,0,0,0,0,0,0,0,0,16
Defense Nuclear Facilities Safety Board,Agency Overall,2023,10,4,1,0,0,0,1,0,0,0,0,0,0,16
Neighborhood Reinvestment Corporation,Agency Overall,2023,3,2,4,1,2,0,0,0,0,0,0,0,0,12
Inter-American Foundation,Agency Overall,2023,18,0,1,0,0,0,0,0,0,0,0,0,0,19
Export-Import Bank of the U.S.,Agency Overall,2023,24,9,4,1,0,0,1,0,0,0,2,0,0,41
Office of the United States Trade Representative,Agency Overall,2023,28,11,2,3,1,0,0,0,0,0,0,0,0,45
Central Intelligence Agency,Agency Overall,2023,47,5,3,3,5,0,1,3,0,0,0,0,0,67
U.S. Department of State,Agency Overall,2023,182,46,20,21,10,22,13,15,11,12,37,32,99,520
Federal Election Commission,Agency Overall,2023,0,0,0,0,0,0,0,0,0,0,0,0,0,0
United States Trade and Development Agency,Agency Overall,2023,21,2,5,1,0,2,1,1,1,1,2,3,37,77
Merit Systems Protection Board,Agency Overall,2023,93,4,1,0,0,0,1,0,0,0,0,0,0,99
U.S. Nuclear Waste Technical Review Board,Agency Overall,2023,4,2,0,0,0,0,0,0,0,0,0,0,0,6
Federal Retirement Thrift Investment Board,Agency Overall,2023,14,10,6,2,1,1,0,2,0,0,0,0,0,36
Legal Services Corporation,Agency Overall,2023,12,5,3,0,0,0,0,0,0,0,0,0,0,20
AmeriCorps,Agency Overall,2023,25,8,4,2,1,0,0,0,1,0,0,0,0,41
United States Postal Service,Agency Overall,2023,2900,295,67,50,20,14,7,3,3,1,7,3,8,3378
Chemical Safety and Hazard Investigation Board,Agency Overall,2023,2,0,2,2,3,1,2,1,0,0,0,0,0,13
Privacy and Civil Liberties Oversight Board,Agency Overall,2023,19,5,0,0,0,0,0,0,0,0,0,0,0,24
National Credit Union Administration,Agency Overall,2023,110,0,0,0,0,0,0,0,0,0,0,0,0,110
National Council on Disability,Agency Overall,2023,2,2,1,0,0,0,0,0,0,0,0,0,0,5
Council on Environmental Quality,Agency Overall,2023,30,17,11,4,4,3,2,1,0,0,4,2,2,80
Federal Permitting Improvement Steering Council,Agency Overall,2023,0,2,3,0,0,0,0,0,0,0,0,0,0,5
Surface Transportation Board,Agency Overall,2023,69,2,0,0,0,0,0,0,0,0,0,0,0,71
Social Security Advisory Board,Agency Overall,2023,19,0,0,0,0,0,0,0,0,0,0,0,0,19
Selective Service System,Agency Overall,2023,49,0,0,0,0,0,0,0,0,0,0,0,0,49
American Battle Monuments Commission,Agency Overall,2023,18,0,0,0,0,0,0,0,0,0,0,0,0,18
U.S. Commission for the Preservation of America’s Heritage Abroad,Agency Overall,2023,13,0,1,0,0,0,0,0,0,0,0,0,0,14
United States Institute of Peace,Agency Overall,2023,1,0,2,0,0,0,0,0,0,0,0,0,0,3
United States International Boundary and Water Commission,Agency Overall,2023,8,4,3,5,3,1,0,0,0,0,0,0,0,24
United States Copyright Office,Agency Overall,2023,10,10,3,1,0,0,0,0,0,0,0,0,0,24
U.S. Railroad Retirement Board,Agency Overall,2023,63,6,3,0,0,0,0,0,1,0,1,0,0,74
National Labor Relations Board,Agency Overall,2023,1626,140,12,10,5,6,2,2,2,1,5,4,0,1815
National Capital Planning Commission,Agency Overall,2023,21,0,0,0,0,0,0,0,0,0,0,0,0,21
U.S. Commission on Civil Rights,Agency Overall,2023,38,0,0,0,0,0,0,0,0,0,0,0,0,38
Federal Deposit Insurance Corporation,Agency Overall,2023,255,59,14,7,2,1,0,0,0,0,0,0,0,338
United States International Trade Commission,Agency Overall,2023,13,3,0,0,0,0,0,0,0,0,0,0,0,16
Equal Employment Opportunity Commission,Agency Overall,2023,11593,1719,88,36,13,7,11,6,4,0,6,3,8,13494
Department of Transportation,Agency Overall,2023,8664,1831,566,367,475,454,328,197,177,174,549,278,275,14335
Department of Justice,Agency Overall,2023,32846,7211,3444,3936,3544,2923,2592,2034,1874,1910,12366,12089,10722,97491
National Aeronautics and Space Administration,Agency Overall,2023,379,26,2,3,1,0,0,0,0,0,0,1,0,412
United States African Development Foundation,Agency Overall,2023,0,0,0,0,0,0,0,0,0,0,0,0,0,0
Denali Commission,Agency Overall,2023,18,0,0,0,0,0,0,0,0,0,0,0,0,18
Pension Benefit Guaranty Corporation,Agency Overall,2023,1005,10,0,0,0,0,0,0,0,0,0,0,0,1015
Postal Regulatory Commission,Agency Overall,2023,74,1,1,0,0,0,0,0,0,0,0,0,0,76
National Mediation Board,Agency Overall,2023,25,1,0,0,0,0,0,0,0,0,0,0,0,26
U.S. Agency for International Development,Agency Overall,2023,0,0,0,0,0,0,0,0,0,0,0,0,0,0
Department of Health and Human Services,Agency Overall,2023,11965,882,245,107,81,57,32,28,21,39,156,46,86,13745
Harry S. Truman Scholarship Foundation,Agency Overall,2023,18,8,1,0,0,0,0,0,0,0,0,0,0,27
Gulf Coast Ecosystem Restoration Council,Agency Overall,2023,12,0,0,0,0,0,0,0,0,0,0,0,0,12
Federal Mine Safety and Health Review Commission,Agency Overall,2023,44,0,0,0,0,0,0,0,0,0,0,0,0,44
Department of Education,Agency Overall,2023,620,33,16,15,7,4,10,6,1,1,12,7,32,764
Council of the Inspectors General on Integrity and Efficiency,Agency Overall,2023,45,2,3,1,0,0,0,0,0,0,0,0,0,51
Department of Housing and Urban Development,Agency Overall,2023,367,82,28,37,20,5,7,7,3,6,10,2,6,580
Tennessee Valley Authority,Agency Overall,2023,111,13,3,3,0,1,0,0,0,0,0,0,0,131
Department of the Treasury,Agency Overall,2023,2154,158,39,21,13,4,7,3,4,3,7,1,9,2423
Marine Mammal Commission,Agency Overall,2023,29,1,1,0,0,0,0,1,0,1,0,0,0,33
Securities and Exchange Commission,Agency Overall,2023,4109,0,0,0,0,0,0,0,0,0,0,0,0,4109
Federal Trade Commission,Agency Overall,2023,929,34,5,0,1,1,0,0,0,0,0,0,0,970
Consumer Financial Protection Bureau,Agency Overall,2023,257,32,10,4,2,0,0,0,0,0,0,0,0,305
James Madison Memorial Fellowship Foundation,Agency Overall,2023,2,0,1,0,1,0,0,0,0,0,0,0,0,4
Office of the National Cyber Director,Agency Overall,2023,1,0,0,0,0,0,0,0,0,0,0,0,0,1
Armed Forces Retirement Home,Agency Overall,2023,0,7,3,1,0,1,0,0,0,0,0,0,0,12
United States Access Board,Agency Overall,2023,16,2,1,0,0,0,0,0,0,0,0,0,0,19
National Endowment for the Arts,Agency Overall,2023,32,5,0,0,0,0,0,0,0,0,0,0,0,37
Commission of Fine Arts,Agency Overall,2023,11,8,1,0,0,0,0,0,0,0,0,0,0,20
Office of the Director of National Intelligence,Agency Overall,2023,130,12,3,0,1,1,1,0,0,0,0,0,1,149
Federal Communications Commission,Agency Overall,2023,315,103,9,0,0,0,0,0,0,0,0,0,0,427
Federal Energy Regulatory Commission,Agency Overall,2023,6,5,2,0,0,0,0,0,0,0,0,0,0,13
Federal Labor Relations Authority,Agency Overall,2023,78,32,9,4,7,3,1,2,1,0,4,7,2,150
Office of the Intellectual Property Enforcement Coordinator,Agency Overall,2023,26,0,0,0,0,0,0,0,0,0,0,0,0,26
Small Business Administration,Agency Overall,2023,2443,491,81,36,29,20,16,11,13,7,49,27,92,3315
U.S. Agency for Global Media,Agency Overall,2023,25,6,4,3,1,1,1,0,1,0,2,0,0,44
Presidio Trust,Agency Overall,2023,5,5,0,0,0,0,0,0,0,0,0,0,0,10
Federal Housing Finance Agency,Agency Overall,2023,55,7,2,0,0,0,0,0,0,0,0,1,1,66
Office of Government Ethics,Agency Overall,2023,90,5,1,3,1,1,0,0,1,0,0,1,2,105
AmeriCorps,Agency Overall,2024,38,3,3,1,0,0,1,1,0,1,1,1,0,50
Department of Justice,Agency Overall,2024,60217,12691,4272,2698,2371,1936,1682,1310,1312,1240,5126,3397,4899,103151
American Battle Monuments Commission,Agency Overall,2024,28,1,0,0,0,0,0,0,0,0,0,0,0,29
Federal Energy Regulatory Commission,Agency Overall,2024,60,32,11,3,2,2,2,1,1,0,7,3,2,126
Office of Special Counsel,Agency Overall,2024,52,34,24,11,2,1,0,5,0,1,0,0,0,130
Commission of Fine Arts,Agency Overall,2024,77,5,0,0,0,0,0,0,0,0,0,0,0,82
United States Copyright Office,Agency Overall,2024,27,11,0,1,0,1,0,1,0,0,0,0,0,41
Office of Science and Technology Policy,Agency Overall,2024,56,1,0,0,0,0,0,0,0,0,0,0,0,57
Federal Open Market Committee,Agency Overall,2024,27,0,0,0,0,0,0,0,0,0,0,0,0,27
U.S. Commission for the Preservation of America’s Heritage Abroad,Agency Overall,2024,2,1,1,4,4,7,0,0,0,0,1,0,0,20
U.S. Commission on Civil Rights,Agency Overall,2024,14,0,0,0,0,2,2,1,0,1,0,0,0,20
Council of the Inspectors General on Integrity and Efficiency,Agency Overall,2024,51,4,0,0,0,0,0,0,1,0,0,0,0,56
Office of the National Cyber Director,Agency Overall,2024,0,1,0,0,0,0,0,0,0,0,0,0,0,1
Department of Health and Human Services,Agency Overall,2024,11994,1167,399,162,115,88,51,42,25,29,118,53,146,14389
Morris K. Udall and Stewart L. Udall Foundation,Agency Overall,2024,51,0,0,0,0,0,1,0,0,0,0,0,0,52
Surface Transportation Board,Agency Overall,2024,95,4,0,0,0,0,0,0,0,0,0,0,0,99
Department of Energy,Agency Overall,2024,1704,375,177,125,40,42,23,9,12,15,41,12,13,2588
Consumer Financial Protection Bureau,Agency Overall,2024,489,37,14,8,2,1,3,2,0,0,0,0,0,556
Federal Labor Relations Authority,Agency Overall,2024,103,38,5,7,3,2,4,1,3,2,3,7,12,190
U.S. Election Assistance Commission,Agency Overall,2024,21,2,0,0,0,0,0,0,0,0,1,1,8,33
Federal Communications Commission,Agency Overall,2024,334,113,27,17,21,8,0,0,1,2,6,0,0,529
Federal Deposit Insurance Corporation,Agency Overall,2024,95,53,15,8,2,1,0,0,0,0,0,0,0,174
Office of Navajo and Hopi Indian Relocation,Agency Overall,2024,72,2,0,0,0,0,0,0,0,0,0,0,0,74
National Credit Union Administration,Agency Overall,2024,246,38,1,0,0,0,0,0,0,0,0,0,0,285
National Science Foundation,Agency Overall,2024,42,14,9,1,8,1,1,0,1,0,2,1,31,111
Millennium Challenge Corporation,Agency Overall,2024,6,17,12,7,0,2,0,0,0,0,2,0,0,46
Office of National Drug Control Policy,Agency Overall,2024,16,0,0,0,0,0,0,0,0,0,0,0,0,16
U.S. Interagency Council on Homelessness,Agency Overall,2024,1,1,2,1,2,2,1,0,0,0,1,0,0,11
Office of Pandemic Preparedness and Response Policy,Agency Overall,2024,0,0,0,0,0,0,0,0,0,0,0,0,0,0
United States Trade and Development Agency,Agency Overall,2024,24,20,12,4,3,3,1,5,0,1,1,0,3,77
Selective Service System,Agency Overall,2024,60,8,1,0,0,0,0,0,0,0,0,0,0,69
Court Services and Offender Supervision Agency,Agency Overall,2024,254,0,0,0,0,0,0,0,0,0,0,0,0,254
Nuclear Regulatory Commission,Agency Overall,2024,217,27,13,6,2,3,0,0,2,2,4,1,0,277
Federal Reserve System,Agency Overall,2024,228,0,0,0,0,0,0,0,0,0,0,0,0,228
National Labor Relations Board,Agency Overall,2024,1556,265,59,36,14,10,4,3,7,1,3,0,0,1958
U.S. Agency for International Development,Agency Overall,2024,1,0,1,0,0,0,0,0,0,0,0,0,0,2
Department of Transportation,Agency Overall,2024,6083,1565,878,626,437,303,345,681,412,336,1010,191,243,13110
Social Security Advisory Board,Agency Overall,2024,40,3,1,0,0,0,0,0,0,0,0,0,0,44
Institute of Museum and Library Services,Agency Overall,2024,26,0,0,0,0,0,0,0,0,0,0,0,0,26
Federal Maritime Commission,Agency Overall,2024,23,7,19,12,6,3,0,0,0,2,0,1,0,73
Harry S. Truman Scholarship Foundation,Agency Overall,2024,23,0,0,0,0,0,0,0,0,0,0,0,0,23
Neighborhood Reinvestment Corporation,Agency Overall,2024,12,8,7,5,9,0,2,0,0,0,0,0,0,43
Department of Defense,Agency Overall,2024,21684,1119,543,262,219,138,118,77,57,71,175,118,266,24847
Federal Mediation and Conciliation Service,Agency Overall,2024,81,11,1,0,0,0,0,0,0,0,0,0,0,93
Advisory Council on Historic Preservation,Agency Overall,2024,7,10,8,3,2,0,0,0,0,0,3,0,0,33
Federal Financial Institutions Examination Council,Agency Overall,2024,16,26,6,0,0,0,0,0,0,0,0,0,0,48
Securities and Exchange Commission,Agency Overall,2024,6038,0,0,0,0,0,0,0,0,0,0,0,0,6038
Office of the Intellectual Property Enforcement Coordinator,Agency Overall,2024,43,0,0,0,0,0,0,0,0,0,0,0,0,43
Equal Employment Opportunity Commission,Agency Overall,2024,14294,1817,84,37,8,8,7,47,4,4,6,6,13,16335
Administrative Conference of the United States,Agency Overall,2024,145,0,0,0,0,0,0,0,0,0,0,0,0,145
Appraisal Subcommittee,Agency Overall,2024,33,3,0,1,0,0,0,0,0,0,0,0,0,37
Office of the Director of National Intelligence,Agency Overall,2024,124,22,7,6,1,1,1,5,5,2,4,0,6,184
Federal Trade Commission,Agency Overall,2024,926,57,9,2,1,1,1,3,0,0,0,0,0,1000
Department of Commerce,Agency Overall,2024,1950,310,115,63,57,32,12,18,9,11,40,32,36,2685
Department of Housing and Urban Development,Agency Overall,2024,267,16,0,0,0,0,0,0,0,0,0,0,0,283
Gulf Coast Ecosystem Restoration Council,Agency Overall,2024,11,0,0,0,0,0,0,0,0,0,0,0,0,11
Pension Benefit Guaranty Corporation,Agency Overall,2024,1298,21,0,0,0,0,0,0,0,0,0,0,0,1319
United States Access Board,Agency Overall,2024,28,6,2,2,1,0,0,2,0,0,0,0,0,41
Department of the Treasury,Agency Overall,2024,2622,144,38,25,14,11,6,4,3,2,6,4,13,2892
Department of Homeland Security,Agency Overall,2024,57059,93,0,0,0,0,0,0,0,0,0,0,0,57152
Committee for Purchase from People Who Are Blind or Severely Disabled,Agency Overall,2024,1,1,0,1,1,1,0,0,1,0,0,0,0,6
United States International Trade Commission,Agency Overall,2024,74,0,0,0,0,0,0,0,0,0,0,0,0,74
Environmental Protection Agency,Agency Overall,2024,2814,790,254,121,79,59,40,17,15,16,54,27,42,4328
Marine Mammal Commission,Agency Overall,2024,32,31,4,2,0,0,0,0,0,0,1,0,0,70
Department of Labor,Agency Overall,2024,7169,885,245,127,74,50,41,29,28,20,36,34,29,8767
U.S. Nuclear Waste Technical Review Board,Agency Overall,2024,1,0,0,0,0,0,0,0,0,0,0,0,0,1
United States Postal Service,Agency Overall,2024,2999,289,68,56,16,13,10,2,2,4,10,2,15,3486
Occupational Safety and Health Review Commission,Agency Overall,2024,208,0,0,0,0,0,0,0,0,0,0,0,0,208
Tennessee Valley Authority,Agency Overall,2024,162,10,0,0,0,0,0,0,0,0,0,0,0,172
Farm Credit Administration,Agency Overall,2024,58,15,0,0,0,0,0,0,0,0,0,0,0,73
National Railroad Passenger Corporation,Agency Overall,2024,489,67,61,28,6,9,1,2,4,2,25,25,23,742
Office of Personnel Management,Agency Overall,2024,360,71,42,47,30,19,13,11,7,4,8,3,8,623
National Endowment for the Humanities,Agency Overall,2024,32,0,0,0,0,0,0,0,0,0,0,0,0,32
Legal Services Corporation,Agency Overall,2024,31,9,0,1,3,1,3,3,1,0,4,0,0,56
Inter-American Foundation,Agency Overall,2024,28,5,1,1,1,0,0,0,0,0,0,0,0,36
Federal Election Commission,Agency Overall,2024,0,0,0,0,0,0,0,0,0,0,0,0,0,0
Denali Commission,Agency Overall,2024,34,0,0,0,0,0,0,0,0,0,0,0,0,34
James Madison Memorial Fellowship Foundation,Agency Overall,2024,1,3,4,1,1,2,0,0,0,0,3,0,0,15
Consumer Product Safety Commission,Agency Overall,2024,113,21,2,4,1,0,0,0,0,0,1,0,4,146
Presidio Trust,Agency Overall,2024,5,13,7,1,4,4,4,4,0,1,2,0,0,45
Postal Regulatory Commission,Agency Overall,2024,199,4,1,1,7,0,0,0,0,2,0,0,0,214
U.S. Department of State,Agency Overall,2024,1667,10,7,7,4,4,3,1,0,0,2,1,9,1715
Federal Housing Finance Agency,Agency Overall,2024,105,11,3,5,0,1,2,1,0,0,1,0,2,131
Small Business Administration,Agency Overall,2024,3597,299,33,20,16,14,9,8,14,9,73,35,64,4191
Federal Mine Safety and Health Review Commission,Agency Overall,2024,54,0,0,0,0,0,0,0,0,0,0,0,0,54
Office of Government Ethics,Agency Overall,2024,97,11,7,5,3,1,4,2,0,0,0,0,0,130
Office of the Special Inspector General for Afghanistan Reconstruction,Agency Overall,2024,2,1,0,3,0,1,1,0,0,0,0,0,0,8
National Transportation Safety Board,Agency Overall,2024,228,48,21,12,9,2,6,1,1,1,8,7,1,345
Department of Veterans Affairs,Agency Overall,2024,62905,2548,838,656,1121,13774,12629,2020,122,39,125,75,57,96909
United States Institute of Peace,Agency Overall,2024,1,0,3,1,0,0,1,6,0,0,0,0,0,12
National Mediation Board,Agency Overall,2024,65,0,0,0,0,0,0,0,0,0,0,0,0,65
Chemical Safety and Hazard Investigation Board,Agency Overall,2024,1,0,0,0,0,0,0,0,0,0,2,1,2,6
National Archives and Records Administration,Agency Overall,2024,12936,413,136,75,54,51,37,40,45,24,70,40,957,14878
Department of Education,Agency Overall,2024,404,36,17,15,7,1,1,1,1,3,20,5,18,529
National Endowment for the Arts,Agency Overall,2024,105,16,0,0,0,0,0,0,0,0,0,0,0,121
National Council on Disability,Agency Overall,2024,12,1,2,2,0,0,1,0,0,0,0,0,0,18
National Aeronautics and Space Administration,Agency Overall,2024,486,24,9,1,2,1,1,1,0,0,1,0,0,526
Export-Import Bank of the U.S.,Agency Overall,2024,77,7,3,1,0,0,0,0,0,0,0,0,0,88
Privacy and Civil Liberties Oversight Board,Agency Overall,2024,16,6,0,0,0,3,3,1,3,1,2,0,4,39
Defense Nuclear Facilities Safety Board,Agency Overall,2024,0,8,6,0,9,0,0,3,0,0,0,1,0,27
Farm Credit System Insurance Corporation,Agency Overall,2024,46,7,0,0,0,0,0,0,0,0,0,0,0,53
United States International Boundary and Water Commission,Agency Overall,2024,19,0,2,2,0,1,0,1,0,0,0,0,0,25
Office of Management and Budget,Agency Overall,2024,56,22,33,9,8,7,5,1,5,3,12,5,114,280
National Capital Planning Commission,Agency Overall,2024,23,14,1,0,0,0,0,0,0,0,0,0,0,38
Central Intelligence Agency,Agency Overall,2024,357,37,3,2,0,0,1,0,0,0,0,0,0,400
Merit Systems Protection Board,Agency Overall,2024,69,4,5,0,1,0,0,1,1,0,0,0,0,81
Council on Environmental Quality,Agency Overall,2024,36,39,6,7,6,3,3,2,2,0,1,1,3,109
Commodity Futures Trading Commission,Agency Overall,2024,155,0,0,0,0,0,0,0,0,0,0,0,0,155
National Indian Gaming Commission,Agency Overall,2024,53,11,6,0,0,0,0,0,0,0,0,0,0,70
United States African Development Foundation,Agency Overall,2024,0,0,0,0,5,1,0,0,1,0,0,0,0,7
Office of the United States Trade Representative,Agency Overall,2024,54,20,3,2,3,3,1,0,0,0,0,0,0,86
Social Security Administration,Agency Overall,2024,8463,2244,53,8,2,3,4,3,1,0,0,0,0,10781
Armed Forces Retirement Home,Agency Overall,2024,31,5,0,0,0,0,0,0,0,0,0,0,0,36
General Services Administration,Agency Overall,2024,541,149,76,58,56,51,60,33,26,34,71,21,18,1194
Department of the Interior,Agency Overall,2024,2130,516,242,164,101,64,60,57,42,45,184,121,467,4193
Peace Corps,Agency Overall,2024,104,2,1,0,1,2,1,0,0,1,1,6,8,127
Department of Agriculture,Agency Overall,2024,15486,1167,537,232,194,121,118,108,85,73,135,76,185,18517
U.S. Agency for Global Media,Agency Overall,2024,41,5,0,0,0,0,0,0,0,0,0,0,0,46
Federal Permitting Improvement Steering Council,Agency Overall,2024,35,7,3,0,0,0,0,0,0,0,0,0,0,45
U.S. Railroad Retirement Board,Agency Overall,2024,82,20,5,5,0,3,0,0,2,1,0,0,0,118
Federal Retirement Thrift Investment Board,Agency Overall,2024,15,25,15,9,6,4,3,0,0,1,3,1,0,82
U.S. International Development Finance Corporation,Agency Overall,2024,0,9,5,1,0,0,0,0,0,0,7,8,0,30
