field_agency_abbr,field_date_prepared,field_foia_annual_report_yr,field_footnotes_iv,field_footnotes_ix,field_footnotes_va,field_footnotes_vb1,field_footnotes_vb2,field_footnotes_vb3,field_footnotes_via,field_footnotes_vib,field_footnotes_vic1,field_footnotes_vic2,field_footnotes_vic3,field_footnotes_vic4,field_footnotes_vic5,field_footnotes_viia,field_footnotes_viib,field_footnotes_viic1,field_footnotes_viic2,field_footnotes_viic3,field_footnotes_viid,field_footnotes_viie,field_footnotes_viiia,field_footnotes_viiib,field_footnotes_x,field_footnotes_xia,field_footnotes_xib,field_footnotes_xiia,field_footnotes_xiib,field_footnotes_xiic,field_footnotes_xiid1,field_footnotes_xiid2,field_footnotes_xiie1,field_footnotes_xiie2,field_overall_ix_eq_full_emp,field_overall_ix_full_emp,field_overall_ix_lit_costs,field_overall_ix_proc_costs,field_overall_ix_total_costs,field_overall_ix_total_staff,field_overall_req_pend_end_yr,field_overall_req_pend_start_yr,field_overall_req_processed_yr,field_overall_req_received_yr,field_overall_vb1_dup_request,field_overall_vb1_fee_related_re,field_overall_vb1_full_denials_e,field_overall_vb1_full_grants,field_overall_vb1_imp_req_oth_re,field_overall_vb1_no_rec,field_overall_vb1_not_agency_rec,field_overall_vb1_oth,field_overall_vb1_part_grants_de,field_overall_vb1_rec_not_desc,field_overall_vb1_rec_ref_to_an_,field_overall_vb1_req_withdrawn,field_overall_vb1_total,field_overall_vb2_total,field_overall_vb3_ex_1,field_overall_vb3_ex_2,field_overall_vb3_ex_3,field_overall_vb3_ex_4,field_overall_vb3_ex_5,field_overall_vb3_ex_6,field_overall_vb3_ex_7_a,field_overall_vb3_ex_7_b,field_overall_vb3_ex_7_c,field_overall_vb3_ex_7_d,field_overall_vb3_ex_7_e,field_overall_vb3_ex_7_f,field_overall_vb3_ex_8,field_overall_vb3_ex_9,field_overall_via_app_pend_endyr,field_overall_via_app_pend_start,field_overall_via_app_proc_yr,field_overall_via_app_recd_yr,field_overall_vib_affirm_on_app,field_overall_vib_closed_oth_app,field_overall_vib_comp_on_app,field_overall_vib_part_on_app,field_overall_vib_total,field_overall_vic1_ex_1,field_overall_vic1_ex_2,field_overall_vic1_ex_3,field_overall_vic1_ex_4,field_overall_vic1_ex_5,field_overall_vic1_ex_6,field_overall_vic1_ex_7_a,field_overall_vic1_ex_7_b,field_overall_vic1_ex_7_c,field_overall_vic1_ex_7_d,field_overall_vic1_ex_7_e,field_overall_vic1_ex_7_f,field_overall_vic1_ex_8,field_overall_vic1_ex_9,field_overall_vic2_app_denial_ex,field_overall_vic2_dup_req,field_overall_vic2_fee_rel_reas,field_overall_vic2_imp_req_oth,field_overall_vic2_no_rec,field_overall_vic2_not_agency_re,field_overall_vic2_oth,field_overall_vic2_rec_not_desc,field_overall_vic2_rec_refer_ini,field_overall_vic2_req_in_lit,field_overall_vic2_req_withdrawn,field_overall_vic3_total,field_overall_vic4_avg_num_days,field_overall_vic4_high_num_days,field_overall_vic4_low_num_days,field_overall_vic4_med_num_days,field_overall_vic5_date_1,field_overall_vic5_date_10,field_overall_vic5_date_2,field_overall_vic5_date_3,field_overall_vic5_date_4,field_overall_vic5_date_5,field_overall_vic5_date_6,field_overall_vic5_date_7,field_overall_vic5_date_8,field_overall_vic5_date_9,field_overall_vic5_num_day_1,field_overall_vic5_num_day_10,field_overall_vic5_num_day_2,field_overall_vic5_num_day_3,field_overall_vic5_num_day_4,field_overall_vic5_num_day_5,field_overall_vic5_num_day_6,field_overall_vic5_num_day_7,field_overall_vic5_num_day_8,field_overall_vic5_num_day_9,field_overall_viia_comp_avg,field_overall_viia_comp_high,field_overall_viia_comp_low,field_overall_viia_comp_med,field_overall_viia_exp_avg,field_overall_viia_exp_high,field_overall_viia_exp_low,field_overall_viia_exp_med,field_overall_viia_sim_avg,field_overall_viia_sim_high,field_overall_viia_sim_low,field_overall_viia_sim_med,field_overall_viib_comp_avg,field_overall_viib_comp_high,field_overall_viib_comp_low,field_overall_viib_comp_med,field_overall_viib_exp_avg,field_overall_viib_exp_high,field_overall_viib_exp_low,field_overall_viib_exp_med,field_overall_viib_sim_avg,field_overall_viib_sim_high,field_overall_viib_sim_low,field_overall_viib_sim_med,field_overall_viic1_101_120_days,field_overall_viic1_121_140_days,field_overall_viic1_141_160_days,field_overall_viic1_161_180_days,field_overall_viic1_181_200_days,field_overall_viic1_1_20_days,field_overall_viic1_201_300_days,field_overall_viic1_21_40_days,field_overall_viic1_301_400_days,field_overall_viic1_400_up_days,field_overall_viic1_41_60_days,field_overall_viic1_61_80_days,field_overall_viic1_81_100_days,field_overall_viic1_total,field_overall_viic2_101_120_days,field_overall_viic2_121_140_days,field_overall_viic2_141_160_days,field_overall_viic2_161_180_days,field_overall_viic2_181_200_days,field_overall_viic2_1_20_days,field_overall_viic2_201_300_days,field_overall_viic2_21_40_days,field_overall_viic2_301_400_days,field_overall_viic2_400_up_days,field_overall_viic2_41_60_days,field_overall_viic2_61_80_days,field_overall_viic2_81_100_days,field_overall_viic2_total,field_overall_viic3_101_120_days,field_overall_viic3_121_140_days,field_overall_viic3_141_160_days,field_overall_viic3_161_180_days,field_overall_viic3_181_200_days,field_overall_viic3_1_20_days,field_overall_viic3_201_300_days,field_overall_viic3_21_40_days,field_overall_viic3_301_400_days,field_overall_viic3_400_up_days,field_overall_viic3_41_60_days,field_overall_viic3_61_80_days,field_overall_viic3_81_100_days,field_overall_viic3_total,field_overall_viid_comp_avg,field_overall_viid_comp_med,field_overall_viid_comp_pend,field_overall_viid_exp_avg,field_overall_viid_exp_med,field_overall_viid_exp_pend,field_overall_viid_sim_avg,field_overall_viid_sim_med,field_overall_viid_sim_pend,field_overall_viie_date_1,field_overall_viie_date_10,field_overall_viie_date_2,field_overall_viie_date_3,field_overall_viie_date_4,field_overall_viie_date_5,field_overall_viie_date_6,field_overall_viie_date_7,field_overall_viie_date_8,field_overall_viie_date_9,field_overall_viie_num_days_1,field_overall_viie_num_days_10,field_overall_viie_num_days_2,field_overall_viie_num_days_3,field_overall_viie_num_days_4,field_overall_viie_num_days_5,field_overall_viie_num_days_6,field_overall_viie_num_days_7,field_overall_viie_num_days_8,field_overall_viie_num_days_9,field_overall_viiia_avg_days_jud,field_overall_viiia_med_days_jud,field_overall_viiia_num_denied,field_overall_viiia_num_grant,field_overall_viiia_num_jud_w10,field_overall_viiib_avg_days_jud,field_overall_viiib_med_days_jud,field_overall_viiib_num_denied,field_overall_viiib_num_grant,field_overall_x_perc_costs,field_overall_x_total_fees,field_overall_xia_sub_used,field_overall_xib_rec_post_foia,field_overall_xib_rec_post_prog,field_overall_xiia_back_app_end_,field_overall_xiia_back_req_end_,field_overall_xiib_con_during_yr,field_overall_xiib_pend_end_yr,field_overall_xiib_pend_start_yr,field_overall_xiib_proc_start_yr,field_overall_xiic_date_1,field_overall_xiic_date_10,field_overall_xiic_date_2,field_overall_xiic_date_3,field_overall_xiic_date_4,field_overall_xiic_date_5,field_overall_xiic_date_6,field_overall_xiic_date_7,field_overall_xiic_date_8,field_overall_xiic_date_9,field_overall_xiic_num_days_1,field_overall_xiic_num_days_10,field_overall_xiic_num_days_2,field_overall_xiic_num_days_3,field_overall_xiic_num_days_4,field_overall_xiic_num_days_5,field_overall_xiic_num_days_6,field_overall_xiic_num_days_7,field_overall_xiic_num_days_8,field_overall_xiic_num_days_9,field_overall_xiid1_proc_cur_yr,field_overall_xiid1_proc_last_yr,field_overall_xiid1_received_cur,field_overall_xiid1_received_las,field_overall_xiid2_back_cur_yr,field_overall_xiid2_back_prev_yr,field_overall_xiie1_proc_cur_yr,field_overall_xiie1_proc_last_yr,field_overall_xiie1_received_cur,field_overall_xiie1_received_las,field_overall_xiie2_back_cur_yr,field_overall_xiie2_back_prev_yr,id,status,title
DOS,2019-11-18,2019,[],,"[{'value': ""After reviewing its database, The Department of State adjusted OIG's number of requests pending of the start of the Fiscal Year."", 'format': None, 'processed': '<p>After reviewing its database, The Department of State adjusted OIG&#039;s number of requests pending of the start of the Fiscal Year.</p>\n'}]",,,,"After reviewing its database, The Department of State's adjusted the number of administrative appeals pending at the start of the Fiscal Year.",,,,,,,,,,,,,,,,,,,,"After reviewing its database, State adjusted the number of consults pending at the start of the Fiscal Year. ",,,,,,66.68,141,1133455.00,26626139.69,27759594.69,207.68,13368,11324,6545,8589,41,3,962,138,1240,938,393,0,2459,212,23,136,6545,0,36,2,3934,7,29,195,7,0,109,4,17,2,0,0,242,387,380,235,264,2,53,61,380,8,0,202,0,2,20,0,0,8,1,30,1,0,0,0,0,0,1,33,5,8,0,0,1,15,8,336.18,1870,2,211,2012-05-25,2013-09-14,2012-10-09,2013-04-18,2013-04-03,2013-04-11,2013-06-10,2013-05-16,2013-07-09,2013-07-17,1843,1532,1750,1636,1630,1624,1600,1599,1563,1557,171.04,3136.06,5,73.75,479.41,591,427,454.91,74.51,2073,1,30.50,234.97,3136,5,64,484.25,591,427,459.50,80.42,1267,1,27,4,2,1,1,1,62,2,69,2,11,37,16,7,215,254,96,59,59,84,11,238,33,69,438,64,237,543,2185,0,0,0,0,0,0,0,0,0,4,0,0,0,4,626.46,478.04,10667,718.73,663.30,153,605.42,352.44,321,2006-10-10,2007-04-25,2006-11-26,2006-11-27,2007-01-11,2007-02-07,2007-03-12,2007-03-28,2007-04-16,2007-04-23,3254,3119,3222,3222,3191,3173,3151,3139,3126,3121,12.13,6,562,48,420,9,3,201,537,0.0000,984.00,0,14307,0,223,11106,239,224,369,384,2014-03-26,2014-09-17,2014-04-28,2014-05-14,2014-05-20,2014-06-16,2014-07-09,2014-08-22,2014-09-10,2014-09-17,1385,1263,1362,1350,1346,1328,1312,1280,1268,1263,6545,10928,8589,8448,11106,10400,380,228,235,200,223,367,059f52c2-94e3-4463-a806-19b63a11934b,True,DOS - 2019 - Annual FOIA Report
IMLS,2019-11-14,2019,[],,[],N/A,,,,,,,,,,,,,,,,,,,,,,,,,,,,,0.25,0,0.00,36655.00,36655.00,0.25,6,15,53,44,0,0,1,30,1,2,6,3,10,0,0,0,53,3,0,0,0,0,3,8,1,1,1,1,0,0,0,0,0,0,0,0,0,0,0,0,0,0,0,0,0,0,0,0,0,0,0,0,0,0,0,0,0,0,0,0,0,0,0,0,0,0,0,N/A,0,0,N/A,N/A,N/A,N/A,N/A,N/A,N/A,N/A,N/A,N/A,N/A,0,0,0,0,0,0,0,0,0,0,196.66,413,42,172,N/A,N/A,N/A,N/A,7.89,26,1,7,196.66,413,42,164,N/A,N/A,N/A,N/A,8.25,21,1,7,0,0,0,0,0,44,0,2,0,0,0,0,0,46,0,0,0,2,0,0,0,0,1,1,2,0,0,6,0,0,0,0,0,0,0,0,0,0,0,0,0,0,485.6,587,5,N/A,N/A,0,9,9,1,2016-02-19,N/A,2016-09-26,2018-03-15,2019-03-28,2019-07-29,2019-09-18,N/A,N/A,N/A,911,0,755,587,130,45,9,0,0,0,N/A,N/A,0,0,0,N/A,N/A,0,0,0.0000,0.00,0,7,1843,0,5,0,0,0,0,N/A,N/A,N/A,N/A,N/A,N/A,N/A,N/A,N/A,N/A,0,0,0,0,0,0,0,0,0,0,53,26,44,33,5,8,0,0,0,0,0,0,62696b67-edf4-4bed-b9c2-636ae00141ec,True,IMLS - 2019 - Annual FOIA Report
NRPC,2019-10-21,2019,[],,"[{'value': 'After reviewing its database, Amtrak adjusted the number of requests pending as of the start of the Fiscal Year. ', 'format': None, 'processed': '<p>After reviewing its database, Amtrak adjusted the number of requests pending as of the start of the Fiscal Year.</p>\n'}]",,,,,,,,,,,,,,,,,,,,,,,,,,,,,,0.00,1,0.00,100000.00,100000.00,1.00,153,131,191,213,7,15,11,52,5,26,0,0,42,2,0,31,191,0,0,0,0,7,11,28,4,0,11,0,2,0,0,0,9,3,1,7,0,0,1,0,1,0,0,0,0,0,0,0,0,0,0,0,0,0,0,0,0,0,0,0,0,0,0,0,0,0,0,74,74,74,74,2017-03-08,N/A,2017-08-02,2018-04-19,2018-12-21,2019-02-11,2019-02-11,2019-02-12,2019-06-18,2019-07-30,634,0,544,364,194,161,161,160,72,43,115.41,719,<1,29,652,652,652,652,457.2,832,7,601,108.89,661,<1,33.5,652,652,652,652,8,8,8,8,0,0,0,0,0,3,0,0,0,0,0,0,0,3,3,13,7,7,3,77,5,22,7,20,9,6,7,186,0,0,0,0,0,0,0,0,0,1,0,0,0,1,283,224,134,412,412.5,2,661,788.5,4,2015-08-24,2016-09-14,2015-09-01,2016-03-04,2016-03-15,2016-04-07,2016-05-18,2016-06-28,2016-08-31,2016-09-01,1050,773,1044,911,904,887,858,829,783,782,N/A,N/A,0,0,0,N/A,N/A,0,0,0.0800,78.00,0,5,0,7,83,0,0,0,0,N/A,N/A,N/A,N/A,N/A,N/A,N/A,N/A,N/A,N/A,0,0,0,0,0,0,0,0,0,0,191,215,213,206,83,64,1,5,7,2,7,2,b390c776-a1d6-4a25-bd49-bec664b0894e,True,NRPC - 2019 - Annual FOIA Report
FDIC,2019-10-21,2019,[],,[],,,,,,,,,,,,,,,,,,,,,,,,,,,,,,5.00,6,10156.00,259474.00,269630.00,11.00,18,14,341,345,10,14,24,66,36,20,59,0,46,45,3,18,341,0,0,5,2,25,18,53,2,0,5,0,7,0,17,0,0,0,12,12,6,3,1,2,12,0,1,0,4,5,3,1,0,1,0,0,0,4,0,0,0,0,1,0,0,0,1,0,1,0,0,16.5,28,<1,18,N/A,N/A,N/A,N/A,N/A,N/A,N/A,N/A,N/A,N/A,0,0,0,0,0,0,0,0,0,0,28.27,109,7,23,7.67,17,2,7,10.55,98,<1,7,29.62,109,11,24,9.33,17,2,9,12.94,98,1,9,0,0,0,0,0,169,0,16,0,0,2,1,1,189,1,0,0,0,0,27,0,26,0,0,4,3,1,62,0,0,0,0,0,9,0,0,0,0,0,0,0,9,n/a,n/a,0,N/A,N/A,0,16,12,15,2019-05-08,2019-09-18,2019-08-22,2019-08-27,2019-09-09,2019-09-10,2019-09-10,2019-09-11,2019-09-12,2019-09-16,100,8,26,23,15,14,14,13,12,10,7.35,5.5,8,12,18,2,2,1,1,3.4500,8952.48,0,26,645,0,1,9,1,0,8,2019-08-21,N/A,N/A,N/A,N/A,N/A,N/A,N/A,N/A,N/A,30,0,0,0,0,0,0,0,0,0,341,431,345,423,1,1,12,10,12,10,0,0,d242d700-3c29-440c-918e-51138ed1e551,True,FDIC - 2019 - Annual FOIA Report
DOT,2018-10-19,2019,"[{'value': 'N/A', 'format': None, 'processed': '<p>N/A</p>\n'}]","FHWA - costs include $439,120.00 for maintenance of FOIA database used by several DOT components.","[{'value': 'After reviewing its database, DOT adjusted the number of requests pending as of the start of the Fiscal Year for the following components: FAA, FTA, PHMSA, NHTSA, and SLSDC.', 'format': None, 'processed': '<p>After reviewing its database, DOT adjusted the number of requests pending as of the start of the Fiscal Year for the following components: FAA, FTA, PHMSA, NHTSA, and SLSDC.</p>\n'}]",,,,"After reviewing its database, FAA adjusted the number of appeals pending as of the start of the Fiscal Year.",,,,,,,,,,,,,,,,,,,,"After reviewing its database, FAA adjusted the number of consults pending as of the start of the Fiscal Year.",,,,,,234.98,39,215419.00,12846762.38,13062181.38,273.98,6313,4363,14621,16571,58,55,155,7549,53,2570,26,6,3386,13,18,732,14621,6,0,15,320,227,517,2722,108,1,1043,204,22,27,0,0,101,102,92,91,24,20,24,24,92,0,0,0,11,14,19,5,0,3,0,2,1,0,0,1,1,2,0,7,0,0,0,0,0,16,0,229.19,1066,<1,42.5,2015-07-17,2016-08-23,2015-09-18,2015-09-21,2015-11-19,2015-11-19,2015-11-24,2016-05-25,2016-08-17,2016-08-23,1055,778,1011,1010,969,969,966,840,782,778,210.83,1839,<1,70,14.5,93,<1,12.5,18.52,1646,<1,15,74.02,1839,<1,40,10.33,93,<1,12,19.58,1646,<1,16,101,44,32,22,20,9173,60,1427,8,43,743,364,168,12205,73,63,58,46,50,441,264,439,79,306,242,175,102,2338,0,0,0,0,0,8,0,3,0,0,0,0,1,12,572.22,536,2167,646.67,664,3,454,347,4133,2011-09-06,2013-03-28,2011-12-21,2012-01-24,2012-06-18,2012-06-21,2012-10-12,2013-01-08,2013-03-04,2013-03-13,2023,1634,1950,1929,1827,1824,1746,1689,1652,1645,1.19,0,343,10,336,4.46,N/A,127,63,2.5200,323391.43,0,40,3768,100,3578,60,20,9,49,2014-09-08,2019-03-06,2014-09-08,2015-07-22,2015-10-27,2016-09-15,2016-12-07,2017-11-07,2018-01-23,2019-02-20,1270,145,1270,1052,985,762,706,475,423,155,14621,16082,16571,15049,3578,2635,92,90,91,77,100,98,8682f07d-f88f-48d7-b154-8523fc0390c2,True,DOT - 2019 - Annual FOIA Report
HHS,2019-11-18,2019,"[{'value': '* Certain information related to Quality Improvement Organizations are discussed in 42 CFR §480.139, which states the provisions of the Social Security Act §1160(a)(42 U.S.C. §1320C-9), which precludes QIOs as a Federal Agency, therefore, not subject to the FOIA.          ', 'format': None, 'processed': '<p>* Certain information related to Quality Improvement Organizations are discussed in 42 CFR §480.139, which states the provisions of the Social Security Act §1160(a)(42 U.S.C. §1320C-9), which precludes QIOs as a Federal Agency, therefore, not subject to the FOIA.</p>\n'}]",,"[{'value': 'After reviewing its database, HHS updated the number of requests pending at the start of the Fiscal Year for the following components: ACL, CMS, FDA, IHS, NIH, SAMSHA.', 'format': None, 'processed': '<p>After reviewing its database, HHS updated the number of requests pending at the start of the Fiscal Year for the following components: ACL, CMS, FDA, IHS, NIH, SAMSHA.</p>\n'}]",,,,,,,,,,,,,,,,,,,,,,,,"After reviewing its database, HHS adjusted the number of consults pending as of the start of the Fiscal Year for the following components: OS, CDC, NIH. ",,,,,,99.75,244,1392072.34,21208131.45,22600203.79,343.75,9253,7712,33817,35358,653,746,5773,12409,1252,3314,770,34,4238,477,815,3336,33817,34,0,13,297,1296,445,8199,523,30,1675,78,26,61,0,3,539,427,130,242,20,92,13,5,130,0,0,0,5,3,18,2,0,5,0,1,0,0,0,0,5,0,7,9,0,1,1,25,12,32,1,365.54,1681,<1,242.85,2011-06-21,2014-03-10,2011-12-09,2012-04-12,2012-04-23,2012-04-17,2013-04-04,2013-08-19,2014-02-11,2014-03-10,2077,1451,2037,1948,1941,1871,1629,1534,1470,1451,101.96,1880,<1,39.43,57.88,1424,10,85.51,18.54,1434,<1,8.47,103.29,1880,<1,33.77,62.16,1169,10,79.93,16.68,1194,<1,9.64,528,450,589,731,438,5982,787,1110,40,43,680,639,503,12520,530,500,490,609,414,10010,1154,1985,457,1052,971,724,597,19493,3,1,2,0,0,1,6,6,1,16,2,1,0,39,232.73,168.79,7707,271.97,275.88,62,238.98,247.31,1365,2012-08-22,2013-12-27,2013-01-08,2013-06-25,2013-07-11,2013-06-25,2013-11-26,2013-07-11,2013-07-25,2013-12-20,1748,1502,1654,1635,1623,1537,1525,1522,1516,1507,7.2,5.57,661,31,644,4.11,3.35,386,36,2.7800,590493.49,0,878,38160,514,7764,115,79,64,100,2015-10-06,2017-04-21,2016-03-01,2016-05-05,2016-09-07,2016-12-16,2017-02-27,2017-03-27,2017-04-05,2017-04-21,999,613,901,854,768,699,652,632,625,613,33817,33876,35358,35445,7764,6304,130,170,242,367,514,421,99092b3c-acc7-4141-a393-09793da362a2,True,HHS - 2019 - Annual FOIA Report
DHS,2019-11-12,2019,[],,"[{'value': 'Due to a tracking error, ICE did not account for 59,123 referrals that it received from USCIS during the reporting period.  These referrals will be accounted for in next year’s Annual FOIA Report.  ICE has taken steps to ensure accurate tracking of referrals going forward.', 'format': None, 'processed': '<p>Due to a tracking error, ICE did not account for 59,123 referrals that it received from USCIS during the reporting period.  These referrals will be accounted for in next year’s Annual FOIA Report.  ICE has taken steps to ensure accurate tracking of referrals going forward.</p>\n'}, {'value': 'After reviewing its database, ICE, USSS, USCIS, USCG, TSA, I&A, FEMA, CBP, and S&T adjusted the number of requests pending as of the start of the Fiscal Year.', 'format': None, 'processed': '<p>After reviewing its database, ICE, USSS, USCIS, USCG, TSA, I&amp;A, FEMA, CBP, and S&amp;T adjusted the number of requests pending as of the start of the Fiscal Year.</p>\n'}, {'value': 'CISA and PRIV: OBIM requests were incorporated with PRIV starting in FY 2019.', 'format': None, 'processed': '<p>CISA and PRIV: OBIM requests were incorporated with PRIV starting in FY 2019.</p>\n'}]",,,,"After reviewing its database, CBP, ICE, OIG, and USSS adjusted the number of appeals pending as of the start of the Fiscal Year.",,,,,,,,,,,,,,,,,,,"In September 2019 USCIS began claiming unusual circumstances for Track 2 and Track 3 requests.  This change removed 2,338 cases from the backlog at the end of FY2019.","After reviewing its database, FLETC, PRIV, ICE, OIG, USSS, USCIS, USCG, and CBP adjusted the number of consults pending as of the start of the Fiscal Year.",,,,,,161.64,446,3814896.44,68183700.62,71998597.06,607.64,58680,88233,429798,400245,25861,16,6143,32233,23436,74166,4070,1036,255653,3481,2005,1698,429798,1036,18,378,48743,493,44035,193263,604,107,226859,406,236033,326,8,2,587,588,6241,6240,1806,1027,1548,1860,6241,1,6,230,7,274,786,16,1,856,3,841,1,0,0,7,239,1,499,81,101,24,1,13,16,45,24,28,1134,1,11,2016-07-11,2018-04-06,2017-02-13,2017-07-10,2017-09-13,2017-09-15,2017-10-02,2017-11-08,2018-01-10,2018-02-06,807,371,660,558,511,510,499,472,431,414,66,1820,<1,43,61,676,1,20,33,858,<1,17,31,1820,<1,15,52,692,1,18,28,858,<1,9,6803,2724,1289,792,1153,102711,1224,24850,196,8782,9388,8847,9105,177864,5066,3685,4380,1844,2895,42688,1277,43712,608,36384,22688,21231,37546,224004,12,7,6,3,7,312,18,132,15,19,30,13,16,590,264,219,9611,261,136,178,20,2,18912,2012-04-03,2013-09-12,2012-05-21,2012-05-29,2012-06-26,2012-12-12,2013-03-07,2013-04-30,2013-08-07,2013-09-05,1841,1503,1832,1827,1778,1691,1635,1597,1528,1506,41,18,3075,635,1468,9,1,819,1140,0.0200,16729.34,0,166605,0,304,31454,674,414,352,612,2013-06-20,2015-12-14,2014-08-14,2015-01-13,2015-01-13,2015-04-03,2015-05-28,2015-08-20,2015-09-17,2015-10-27,1561,953,1286,1182,1182,1126,1088,1029,1010,985,429798,374945,400245,395751,31454,53971,6241,5327,6240,5386,304,237,42e57186-bb97-4c4e-8ef9-0d5d87ae67ba,True,DHS - 2019 - Annual FOIA Report
TVA,2019-10-18,2019,[],,[],,,,,,,,,,,,,,,,,,,,,,,,,,,,,,0.25,1,0.00,215523.77,215523.77,1.25,16,26,197,187,0,6,14,67,0,11,3,0,88,0,0,8,197,0,0,3,7,29,47,44,1,0,10,2,4,12,0,0,0,0,7,7,6,0,0,1,7,0,0,0,3,2,1,0,0,0,0,0,0,0,0,0,0,0,0,2,0,0,0,0,0,0,0,19.5,20,19,19,N/A,N/A,N/A,N/A,N/A,N/A,N/A,N/A,N/A,N/A,0,0,0,0,0,0,0,0,0,0,76,457,20,34,4,4,4,4,9.75,20,1,8,61,457,21,35,4,4,4,4,10,20,1,9,0,0,0,0,0,120,0,0,0,0,0,0,0,120,3,1,0,1,1,0,4,43,1,1,14,6,1,76,0,0,0,0,0,1,0,0,0,0,0,0,0,1,83,56,7,N/A,N/A,0,8,6,9,2018-12-21,2019-09-05,2019-05-17,2019-05-29,2019-06-07,2019-07-15,2019-08-09,2019-08-21,2019-09-03,2019-09-04,196,18,95,88,81,56,37,29,20,19,1,1,0,1,1,N/A,N/A,0,0,0.5400,1162.45,0,0,0,0,7,4,0,0,4,N/A,N/A,N/A,N/A,N/A,N/A,N/A,N/A,N/A,N/A,0,0,0,0,0,0,0,0,0,0,197,212,187,222,7,11,7,8,7,7,0,0,f962f560-373a-47ad-9cee-c6016d4cbdb7,True,TVA - 2019 - Annual FOIA Report
NASA,2019-11-05,2019,[],,[],,,,,,,,,,,,,,,,,,,,,,,,,,,,,,4.75,7,0.00,1434219.11,1434219.11,11.75,76,64,800,812,26,41,38,124,34,121,16,60,190,92,29,29,800,60,1,12,36,90,27,152,6,1,27,1,24,2,0,0,11,0,16,27,5,10,1,0,16,0,1,1,0,1,2,0,0,2,0,0,0,0,0,0,0,4,1,5,0,0,0,0,0,0,0,25.8,78,<1,23,2019-02-08,2019-09-19,2019-07-10,2019-07-10,2019-08-08,2019-08-16,2019-09-04,2019-09-05,2019-09-09,2019-09-11,162,7,57,57,36,30,18,17,15,13,38.31,240,<1,25,N/A,N/A,N/A,N/A,13.19,146,<1,7,50.83,240,<1,37,N/A,N/A,N/A,N/A,16.28,146,<1,10,0,0,1,0,0,211,0,35,0,0,9,5,2,263,17,6,7,3,2,174,3,109,0,0,47,30,13,411,0,0,0,0,0,0,0,0,0,0,0,0,0,0,34,20,38,N/A,N/A,0,17.57,11,23,2019-04-29,2019-07-01,2019-05-01,2019-04-29,2019-05-15,2019-05-16,2019-05-16,2019-06-13,2019-06-18,2019-06-28,107,63,105,98,95,94,94,75,68,64,4.19,6,21,0,19,21.15,12,30,4,0.0174,24942.48,0,0,0,5,28,19,3,0,16,2019-09-20,N/A,2019-09-24,2019-09-27,N/A,N/A,N/A,N/A,N/A,N/A,6,0,4,1,0,0,0,0,0,0,800,880,812,853,28,27,16,15,27,9,5,0,d8e449ea-a4eb-4ffc-b61a-96abbb55f230,True,NASA - 2019 - Annual FOIA Report
OGE,2019-11-14,2019,[],,[],,,,,,,,,,,,,,,,,,,,,,,,,,,,,,2.40,0,52041.51,222010.42,274051.93,2.40,32,61,125,96,0,0,7,20,0,27,0,0,57,6,2,6,125,0,0,0,24,16,43,61,0,0,2,0,0,0,0,0,0,0,1,1,0,0,1,0,1,0,0,0,0,0,0,0,0,0,0,0,0,0,0,0,0,0,0,0,0,0,0,0,0,0,0,37,37,37,37,N/A,N/A,N/A,N/A,N/A,N/A,N/A,N/A,N/A,N/A,0,0,0,0,0,0,0,0,0,0,N/A,N/A,N/A,N/A,13.4,594,11,305.5,170,632,1,48,N/A,N/A,N/A,N/A,288,594,13,337,237.64,632,1,194,2,3,1,0,2,37,10,9,4,21,7,2,2,100,0,0,0,0,0,0,0,0,0,0,0,0,0,0,0,0,1,1,0,2,1,1,6,3,1,0,1,17,N/A,N/A,0,255.6,364,5,147.2,127,27,2018-01-04,2018-11-30,2018-03-12,2018-04-18,2018-07-02,2018-07-02,2018-10-22,2018-11-02,2018-11-02,2018-11-26,434,208,391,364,312,312,235,226,226,212,4.5,4,2,5,5,N/A,N/A,0,0,0.0000,0.00,0,75,60,0,28,1,0,0,1,N/A,N/A,N/A,N/A,N/A,N/A,N/A,N/A,N/A,N/A,0,0,0,0,0,0,0,0,0,0,125,206,96,126,28,60,1,5,1,5,0,0,69f7499d-530e-4feb-abf1-fbf74fc4f09d,True,OGE - 2019 - Annual FOIA Report
PRC,2019-10-29,2019,[],,[],,,,,,,,,,,,,,,,,,,,,,,,,,,,,,1.00,0,0.00,15000.00,15000.00,1.00,0,0,15,15,0,0,0,6,0,8,0,0,0,0,0,1,15,0,0,0,0,0,0,1,0,0,0,0,0,0,0,0,0,0,0,0,0,0,0,0,0,0,0,0,0,0,0,0,0,0,0,0,0,0,0,0,0,0,0,0,0,0,0,0,0,0,0,0,0,0,0,N/A,N/A,N/A,N/A,N/A,N/A,N/A,N/A,N/A,N/A,0,0,0,0,0,0,0,0,0,0,N/A,N/A,N/A,N/A,18,18,18,18,10,20,3,11,N/A,N/A,N/A,N/A,18,18,18,18,14,20,3,11,0,0,0,0,0,14,0,0,0,0,0,0,0,14,0,0,0,0,0,0,0,0,0,0,0,0,0,0,0,0,0,0,0,1,0,0,0,0,0,0,0,1,N/A,N/A,0,N/A,N/A,0,N/A,N/A,0,N/A,N/A,N/A,N/A,N/A,N/A,N/A,N/A,N/A,N/A,0,0,0,0,0,0,0,0,0,0,18,18,0,1,0,11,11,0,7,0.0000,0.00,0,0,0,0,0,0,0,0,0,N/A,N/A,N/A,N/A,N/A,N/A,N/A,N/A,N/A,N/A,0,0,0,0,0,0,0,0,0,0,15,53,15,52,0,0,0,1,0,1,0,0,161f0ac1-2db3-4db7-af31-b4d4ab9563e0,True,PRC - 2019 - Annual FOIA Report
USAID,2019-10-22,2019,[],,[],,,,,,,,,,,,,,,,,,,,,,,,N/A,,,,,,8.90,17,299453.13,4101032.12,4400485.25,25.90,271,285,304,290,0,0,11,40,5,44,2,4,149,3,2,44,304,4,0,3,18,63,25,147,8,2,28,14,17,1,0,0,3,7,17,13,6,5,1,5,17,0,0,0,4,2,5,1,0,1,0,0,0,0,0,2,0,0,0,1,0,2,0,0,0,0,2,71.69,405,14,49.5,2019-08-02,N/A,2019-08-27,2019-09-04,N/A,N/A,N/A,N/A,N/A,N/A,40,0,23,18,0,0,0,0,0,0,292,1339,<1,146,1270,1270,1270,1270,6.25,12,<1,6.5,343.92,1339,6,231.5,1270,1270,1270,1270,10.5,12,9,10.5,0,0,0,0,0,3,0,0,0,0,0,0,0,3,17,15,6,6,6,47,25,19,13,93,15,14,16,292,0,0,0,0,0,0,0,0,0,1,0,0,0,1,291,215,266,19,4,3,46,46,1,2015-03-18,2016-02-03,2015-04-20,2015-04-29,2015-10-14,2015-10-21,2015-12-11,2015-12-17,2016-01-07,2016-01-21,1140,919,1117,1094,994,989,954,950,937,928,1.66,1,28,4,32,20.09,2,12,22,0.0000,0.00,0,26,130,2,238,16,1,7,22,2019-09-27,N/A,N/A,N/A,N/A,N/A,N/A,N/A,N/A,N/A,1,0,0,0,0,0,0,0,0,0,304,337,290,280,238,273,17,16,13,21,2,4,63df845e-68c0-4dec-bb6b-326088de8b67,True,USAID - 2019 - Annual FOIA Report
FOMC,2019-11-18,2019,[],,[],,,,,,,,,,,,,,,,,,,,,,,,,,,,,,0.58,0,0.00,88102.00,88102.00,0.58,0,0,26,26,0,0,1,6,2,1,4,0,2,4,6,0,26,0,0,0,0,1,3,0,0,0,0,0,1,0,0,0,0,0,0,0,0,0,0,0,0,0,0,0,0,0,0,0,0,0,0,0,0,0,0,0,0,0,0,0,0,0,0,0,0,0,0,0,N/A,N/A,0,N/A,N/A,N/A,N/A,N/A,N/A,N/A,N/A,N/A,N/A,0,0,0,0,0,0,0,0,0,0,45,59,27,47,N/A,N/A,N/A,N/A,4.5,17,<1,1,47.6,59,27,57,N/A,N/A,N/A,N/A,7.2,17,1,3,0,0,0,0,0,16,0,0,0,0,0,0,0,16,0,0,0,0,0,0,0,2,0,0,2,0,0,4,0,0,0,0,0,0,0,0,0,0,0,0,0,0,N/A,N/A,0,N/A,N/A,0,N/A,N/A,0,N/A,N/A,N/A,N/A,N/A,N/A,N/A,N/A,N/A,N/A,0,0,0,0,0,0,0,0,0,0,N/A,N/A,0,0,0,13,13,0,1,0.0000,0.00,0,87,32,0,0,0,0,0,0,N/A,N/A,N/A,N/A,N/A,N/A,N/A,N/A,N/A,N/A,0,0,0,0,0,0,0,0,0,0,26,13,26,12,0,0,0,1,0,1,0,0,394d9ce8-0f0c-403b-9b32-c1bcba6ba86e,True,FOMC - 2019 - Annual FOIA Report
CFTC,2019-11-13,2019,[],,"[{'value': 'After reviewing its database, CFTC adjusted the number of requests pending as of the start of the Fiscal Year. ', 'format': None, 'processed': '<p>After reviewing its database, CFTC adjusted the number of requests pending as of the start of the Fiscal Year.</p>\n'}]",,,,,,,,,,,,,,,,,,,,,N/A,,,,,,,,,1.00,2,0.00,201488.07,201488.07,3.00,15,41,164,138,1,9,20,35,3,30,2,7,39,5,0,13,164,7,0,1,12,21,18,31,13,0,7,1,0,0,0,0,0,0,2,2,1,0,1,0,2,0,0,0,0,1,1,0,0,0,0,0,0,0,0,0,0,0,0,0,0,1,0,0,0,0,1,10.5,12,9,10.5,N/A,N/A,N/A,N/A,N/A,N/A,N/A,N/A,N/A,N/A,0,0,0,0,0,0,0,0,0,0,138.44,481,<1,64.5,37,68,6,37,78.03,377,<1,36,172.22,481,8,69.5,37,68,6,37,84.46,335,<1,54,4,3,3,3,2,49,10,15,7,0,12,8,4,120,1,0,0,1,1,6,4,8,4,2,2,5,0,34,0,0,0,0,0,1,0,0,0,0,0,1,0,2,151,133,11,N/A,N/A,0,13,13.5,4,2017-11-15,2019-09-09,2018-05-29,2018-10-12,2018-12-21,2019-03-21,2019-03-22,2019-06-21,2019-07-03,2019-08-28,470,15,337,242,194,134,133,69,61,22,18.44,10,6,3,6,57.38,9,9,17,0.0000,0.00,0,0,1,0,8,5,0,1,6,N/A,N/A,N/A,N/A,N/A,N/A,N/A,N/A,N/A,N/A,0,0,0,0,0,0,0,0,0,0,164,121,138,134,8,33,2,1,2,1,0,0,fb032f82-87c3-4d2b-b3fd-e91fe9dde08a,True,CFTC - 2019 - Annual FOIA Report
CO,2019-11-18,2019,[],,[],,,,,,,,,,,,,,,,,,,,,,,,,,,,,,0.17,0,0.00,26783.09,26783.09,0.17,10,6,42,46,0,0,0,5,0,9,0,0,2,5,21,0,42,0,0,1,0,0,2,0,0,0,0,0,0,0,0,0,1,0,0,1,0,0,0,0,0,0,0,0,0,0,0,0,0,0,0,0,0,0,0,0,0,0,0,0,0,0,0,0,0,0,0,0,0,0,0,2019-05-30,N/A,N/A,N/A,N/A,N/A,N/A,N/A,N/A,N/A,86,0,0,0,0,0,0,0,0,0,N/A,N/A,N/A,N/A,N/A,N/A,N/A,N/A,15.8,29,3,18,N/A,N/A,N/A,N/A,N/A,N/A,N/A,N/A,15.4,20,5,18,0,0,0,0,0,35,0,2,0,0,0,0,0,37,0,0,0,0,0,0,0,0,0,0,0,0,0,0,0,0,0,0,0,0,0,0,0,0,0,0,0,0,250.5,241.5,8,N/A,N/A,0,6.5,6.5,2,2017-03-28,2019-09-23,2018-02-12,2018-08-15,2018-09-18,2019-11-05,2019-04-09,2019-05-19,2019-05-21,2019-09-20,631,6,411,282,258,225,121,93,92,7,13,13,2,0,1,N/A,N/A,0,0,0.0000,0.00,0,0,0,1,8,1,0,0,1,N/A,N/A,N/A,N/A,N/A,N/A,N/A,N/A,N/A,N/A,0,0,0,0,0,0,0,0,0,0,42,44,46,41,8,5,0,1,1,1,1,0,06d2770f-6997-438e-96d0-622a91bfbf45,True,CO - 2019 - Annual FOIA Report
CNCS,2019-11-18,2019,[],,[],,,,,,,,,,,,,,,,,,,,,,,,,,,,,,0.43,0,0.00,35600.00,35600.00,0.43,8,4,51,55,0,0,4,19,0,6,0,0,20,1,0,1,51,0,0,1,1,2,7,15,1,0,1,0,0,1,0,0,0,0,1,1,1,0,0,0,1,0,0,0,0,0,0,0,0,0,0,0,0,0,0,0,0,0,0,0,0,1,0,0,0,0,1,20,20,20,20,N/A,N/A,N/A,N/A,N/A,N/A,N/A,N/A,N/A,N/A,0,0,0,0,0,0,0,0,0,0,150.7,310,21,71,2,2,2,2,15.6,61,<1,13,96.8,310,21,72.5,2,2,2,2,16.4,48,<1,15.5,0,0,0,0,0,32,0,8,0,0,1,1,0,42,0,0,0,0,0,0,0,3,1,0,0,3,0,7,0,0,0,0,0,1,0,0,0,0,0,0,0,1,44.7,29.5,6,N/A,N/A,0,13,13,2,2019-03-26,N/A,2019-06-27,2019-08-14,2019-08-21,2019-09-04,2019-09-11,2019-09-18,2019-09-26,N/A,129,0,65,32,27,18,13,8,2,0,1,1,0,1,1,1,1,0,2,0.0000,0.00,0,0,4515,0,3,0,0,0,0,N/A,N/A,N/A,N/A,N/A,N/A,N/A,N/A,N/A,N/A,0,0,0,0,0,0,0,0,0,0,50,51,55,53,3,3,1,1,1,1,0,0,63382929-b4b8-4fb9-921a-e38f60070b69,True,CNCS - 2019 - Annual FOIA Report
IAF,2019-11-13,2019,"[{'value': 'N/A', 'format': None, 'processed': '<p>N/A</p>\n'}]",,[],,N/A,,,,,,,,,,,,,,,,,,,,,,,,,,,,0.20,0,0.00,10000.00,10000.00,0.20,2,1,10,11,0,0,0,5,0,5,0,0,0,0,0,0,10,0,0,0,0,0,0,0,0,0,0,0,0,0,0,0,0,0,0,0,0,0,0,0,0,0,0,0,0,0,0,0,0,0,0,0,0,0,0,0,0,0,0,0,0,0,0,0,0,0,0,0,0,0,0,N/A,N/A,N/A,N/A,N/A,N/A,N/A,N/A,N/A,N/A,0,0,0,0,0,0,0,0,0,0,N/A,N/A,N/A,N/A,N/A,N/A,N/A,N/A,8.4,49,1,2.5,N/A,N/A,N/A,N/A,N/A,N/A,N/A,N/A,3.6,8,1,2,0,0,0,0,0,9,0,0,0,0,1,0,0,10,0,0,0,0,0,0,0,0,0,0,0,0,0,0,0,0,0,0,0,0,0,0,0,0,0,0,0,0,340.5,340.5,2,N/A,N/A,0,N/A,N/A,0,2017-05-25,N/A,2019-05-21,N/A,N/A,N/A,N/A,N/A,N/A,N/A,589,0,92,0,0,0,0,0,0,0,N/A,N/A,0,0,0,N/A,N/A,0,0,0.0000,0.00,0,2,72,0,2,0,0,0,0,N/A,N/A,N/A,N/A,N/A,N/A,N/A,N/A,N/A,N/A,0,0,0,0,0,0,0,0,0,0,10,11,11,11,2,1,0,0,0,0,0,0,db440022-c57d-41d8-80f0-ab5eab40cee5,True,IAF - 2019 - Annual FOIA Report
EEOC,2019-11-05,2019,[],,"[{'value': 'After reviewing its database, EEOC adjusted the number of requests pending as of the start of the Fiscal Year for all components except Birmingham, Houston, and WFO. ', 'format': None, 'processed': '<p>After reviewing its database, EEOC adjusted the number of requests pending as of the start of the Fiscal Year for all components except Birmingham, Houston, and WFO.</p>\n'}]",,,,"After reviewing its database, OLC/HQ adjusted the number of appeals pending as of the start of the Fiscal Year. ",,,,,,,,,,,,,,,,,,,,,,,,,,14.23,37,4863.05,4064243.14,4069106.19,51.23,1698,3698,19794,17794,756,36,2044,763,200,1254,144,41,13977,60,148,371,19794,41,0,0,1771,34,13609,4311,2402,0,5984,65,35,2,0,0,40,22,268,286,63,159,34,12,268,0,0,40,1,16,6,19,0,37,0,0,0,0,0,0,9,1,44,13,0,56,6,3,0,27,56,22.5,482,<1,19,2019-07-25,2019-09-10,2019-08-26,2019-09-04,2019-09-05,2019-09-09,2019-09-09,2019-09-09,2019-09-10,2019-09-10,46,14,24,18,17,15,15,15,14,14,79.46,325,<1,47,20,20,20,20,32.82,609,<1,12,76.96,325,<1,36.5,20,20,20,20,37.86,609,<1,16,420,276,265,136,118,12086,460,1878,25,46,915,890,687,18202,36,91,77,69,22,383,142,283,1,0,45,51,84,1284,0,0,0,0,0,1,0,0,0,0,0,0,0,1,80.79,58.5,18,N/A,N/A,0,35.198,17,732,2017-03-17,2018-12-20,2017-07-10,2017-08-15,2017-10-02,2017-12-22,2018-05-04,2018-09-10,2018-10-23,2018-12-18,636,194,557,531,498,442,351,263,233,196,5.89,2,8,1,8,6.11,2,212,19,0.6300,25636.35,0,8,5004,1,205,10,3,0,7,2019-07-29,N/A,2019-09-10,2019-09-30,N/A,N/A,N/A,N/A,N/A,N/A,51,0,14,1,0,0,0,0,0,0,19794,19134,17794,19065,205,2093,268,326,286,318,1,6,c0c7a49a-77a2-4419-8678-1b121554fab1,True,EEOC - 2019 - Annual FOIA Report
USAB,2019-11-7,2019,[],,[],,,,,,,,,,,,,,,,,,,,,,,,,,,,,,1.20,0,0.00,159381.00,159381.00,1.20,8,0,26,34,0,0,2,2,0,5,0,0,12,2,0,3,26,0,0,0,1,1,7,12,1,0,0,0,0,0,0,0,0,0,3,3,2,1,0,0,3,0,0,0,0,0,2,0,0,0,0,0,0,0,0,0,0,0,0,0,0,1,0,0,0,0,1,20,20,20,20,N/A,N/A,N/A,N/A,N/A,N/A,N/A,N/A,N/A,N/A,0,0,0,0,0,0,0,0,0,0,24,120,1,19,N/A,N/A,N/A,N/A,0,N/A,N/A,0,33,120,8,20,N/A,N/A,N/A,N/A,N/A,N/A,N/A,N/A,0,0,0,0,0,0,0,0,0,0,0,0,0,0,1,0,0,0,0,20,0,1,0,0,0,0,1,23,0,0,0,0,0,0,0,0,0,0,0,0,0,0,104,145,8,N/A,N/A,0,N/A,N/A,0,2019-02-20,n/a,2019-02-22,2019-02-22,2019-02-22,2019-02-22,2019-05-16,2019-06-18,2019-08-05,n/a,146,0,145,145,145,145,86,72,39,0,0,0,0,0,0,N/A,N/A,0,0,0.0400,56.00,0,0,0,0,8,2,0,0,2,N/A,N/A,N/A,N/A,N/A,N/A,N/A,N/A,N/A,N/A,0,0,0,0,0,0,0,0,0,0,26,8,34,8,8,0,3,0,3,0,0,0,1c70bf6c-4e3e-4e8d-954e-eb1e0668109e,True,USAB - 2019 - Annual FOIA Report
"OSHRC, for Occupational Safety and Health Review Commission",2019-11-12,2019,[],,[],,,,,,,,,,,,,,Please note that the request requiring 120 days to process necessitated consultations with two federal agencies.  OSHRC received the results of one consultation after 8 days and the results of the other after 81 days.,,,,,,,,,,,,,,,,1.67,0,0.00,235997.55,235997.55,1.67,20,1,70,89,0,0,0,26,0,12,0,0,12,0,0,20,70,0,0,0,0,3,0,11,0,0,0,0,0,0,0,0,0,0,1,1,1,0,0,0,1,0,0,0,0,1,0,0,0,0,0,0,0,0,0,0,0,0,0,0,0,0,0,0,0,0,0,5,5,5,5,N/A,N/A,N/A,N/A,N/A,N/A,N/A,N/A,N/A,N/A,0,0,0,0,0,0,0,0,0,0,66.33,120,39,40,N/A,N/A,N/A,N/A,6.24,21,1,4,66.33,120,39,40,N/A,N/A,N/A,N/A,9.03,21,1,8,0,0,0,0,0,66,0,1,0,0,0,0,0,67,1,0,0,0,0,0,0,2,0,0,0,0,0,3,0,0,0,0,0,0,0,0,0,0,0,0,0,0,37.33,27,3,N/A,N/A,0,2.71,1,17,2019-06-07,2019-09-24,2019-08-21,2019-09-04,2019-09-04,2019-09-20,2019-09-23,2019-09-23,2019-09-25,2019-09-24,79,2,27,18,6,6,5,5,3,2,2,2,1,0,1,N/A,N/A,0,0,0.0900,201.50,0,13,78,0,1,0,0,0,0,N/A,N/A,N/A,N/A,N/A,N/A,N/A,N/A,N/A,N/A,0,0,0,0,0,0,0,0,0,0,70,69,89,69,1,0,1,1,1,1,0,0,089f237c-8257-4d00-a5a3-d0dd0ba13833,True,OSHRC - 2019 - Annual FOIA Report
FMSHRC,2019-11-15,2019,[],,[],I'm not sure how to correct this?,,,,,,,,,,,,,,,,,,,,,,,,,,,,,1.00,0,0.00,125000.00,125000.00,1.00,1,2,65,64,1,0,0,43,2,11,2,0,1,1,0,4,65,0,0,0,0,0,0,1,0,0,0,0,0,0,0,0,0,0,0,0,0,0,0,0,0,0,0,0,0,0,0,0,0,0,0,0,0,0,0,0,0,0,0,0,0,0,0,0,0,0,0,0,0,0,0,N/A,N/A,N/A,N/A,N/A,N/A,N/A,N/A,N/A,N/A,0,0,0,0,0,0,0,0,0,0,5.2,8,1,6,1,1,1,1,1.5,9,<1,1,7.5,8,7,7.5,1,1,1,1,1.7,9,1,1,0,0,0,0,0,56,0,0,0,0,0,0,0,56,0,0,0,0,0,5,0,0,0,0,0,0,0,5,0,0,0,0,0,1,0,0,0,0,0,0,0,1,N/A,N/A,0,N/A,N/A,0,N/A,N/A,0,N/A,N/A,N/A,N/A,N/A,N/A,N/A,N/A,N/A,N/A,0,0,0,0,0,0,0,0,0,0,1,1,0,1,1,N/A,N/A,0,0,0.2200,271.35,0,200,13,0,0,2,0,0,2,N/A,N/A,N/A,N/A,N/A,N/A,N/A,N/A,N/A,N/A,0,0,0,0,0,0,0,0,0,0,65,68,64,65,0,0,0,0,0,0,0,0,227b890c-8fe3-4f2d-82d8-1ba41e516ad1,True,FMSHRC - 2019 - Annual FOIA Report
NCUA,2020-10-28,2020,[],,[],,,,,,,,,,,,,,,,,,,,,,,,,,,,,,2.64,0,5412.00,482952.00,488364.00,2.64,17,19,134,132,0,0,11,32,0,11,1,0,77,0,0,2,134,0,0,7,2,43,26,76,0,0,19,0,2,0,44,0,0,0,4,4,4,0,0,0,4,0,0,1,4,2,1,0,0,0,0,0,0,3,0,0,0,0,0,0,2,0,0,0,0,0,0,19,19,19,19,N/A,N/A,N/A,N/A,N/A,N/A,N/A,N/A,N/A,N/A,0,0,0,0,0,0,0,0,0,0,27.41,103,1,29,1.33,2,1,1,9.64,20,<1,9.50,27.93,103,1,29,1.50,2,1,1.50,9.96,20,<1,10,0,0,0,0,0,28,0,0,0,0,0,0,0,28,1,0,0,0,0,26,0,68,0,0,7,1,0,103,0,0,0,0,0,3,0,0,0,0,0,0,0,3,24.06,21,17,N/A,N/A,0,N/A,N/A,0,2020-03-27,2020-09-02,2020-08-20,2020-08-20,2020-08-20,2020-08-20,2020-08-20,2020-08-24,2020-08-28,2020-08-31,130,19,28,28,28,28,28,26,22,21,2.33,2,1,2,3,2.50,1,0,6,0.1000,484.50,0,14,480,0,1,3,1,0,2,2020-09-28,N/A,N/A,N/A,N/A,N/A,N/A,N/A,N/A,N/A,2,0,0,0,0,0,0,0,0,0,134,148,132,148,1,1,4,2,4,2,0,0,f681b1fb-9942-48f7-bd91-78715eff1c77,True,NCUA - 2020 - Annual FOIA Report
RRB,2019-11-15,2019,[],,[],,,,,,,,,,,,,,,,,,,,,,,,,,,,,,3.00,0,0.00,57461.00,57461.00,3.00,2,9,109,102,2,0,7,87,0,8,4,0,0,0,1,0,109,0,0,0,30,1,0,39,0,0,0,0,0,0,0,0,0,0,1,1,0,0,1,0,1,0,0,0,0,0,0,0,0,0,0,0,0,0,0,0,0,0,0,0,0,0,0,0,0,0,0,24,24,0,24,N/A,N/A,N/A,N/A,N/A,N/A,N/A,N/A,N/A,N/A,0,0,0,0,0,0,0,0,0,0,N/A,N/A,N/A,N/A,N/A,N/A,N/A,N/A,194.71,1338,1,20,N/A,N/A,N/A,N/A,N/A,N/A,N/A,N/A,250.75,1338,1,23,0,0,0,0,1,90,0,7,2,5,1,2,1,109,0,0,0,0,0,0,0,0,0,0,0,0,0,0,0,0,0,0,0,0,0,0,0,0,0,0,0,0,N/A,N/A,0,N/A,N/A,0,479.25,380,2,2014-05-07,N/A,2019-06-30,N/A,N/A,N/A,N/A,N/A,N/A,N/A,1338,0,62,0,0,0,0,0,0,0,N/A,N/A,0,0,0,N/A,N/A,0,0,0.2500,145.00,0,1,0,0,2,0,0,0,0,N/A,N/A,N/A,N/A,N/A,N/A,N/A,N/A,N/A,N/A,0,0,0,0,0,0,0,0,0,0,109,86,102,87,2,9,1,0,1,0,0,0,bc86687d-c045-4b90-8744-8ef9947ff520,True,RRB - 2019 - Annual FOIA Report
FMC,2019-11-08,2019,[],,[],,,,,,,,,,,,,,,,,,,,,,,,,,,,,,0.43,1,0.00,322451.00,322451.00,1.43,2,3,23,22,0,0,5,8,0,6,0,0,4,0,0,0,23,0,0,0,6,4,5,4,1,0,1,1,0,0,0,0,0,0,0,0,0,0,0,0,0,0,0,0,0,0,0,0,0,0,0,0,0,0,0,0,0,0,0,0,0,0,0,0,0,0,0,N/A,0,0,N/A,N/A,N/A,N/A,N/A,N/A,N/A,N/A,N/A,N/A,N/A,0,0,0,0,0,0,0,0,0,0,27.4,62,5,21,N/A,N/A,N/A,N/A,4.33,6,2,5,26.72,62,5,19,N/A,N/A,N/A,N/A,5,5,5,5,0,0,0,0,0,3,0,0,0,0,0,0,0,3,0,0,0,0,0,10,0,4,0,0,5,1,0,20,0,0,0,0,0,0,0,0,0,0,0,0,0,0,50,50,2,N/A,N/A,0,N/A,N/A,0,2019-05-21,N/A,2019-09-17,N/A,N/A,N/A,N/A,N/A,N/A,N/A,91,0,9,0,0,0,0,0,0,0,N/A,N/A,0,0,0,N/A,N/A,0,0,0.0000,0.00,0,0,9,0,1,0,0,0,0,N/A,N/A,N/A,N/A,N/A,N/A,N/A,N/A,N/A,N/A,0,0,0,0,0,0,0,0,0,0,23,28,22,26,1,2,0,0,0,0,0,0,5d1da961-a96d-4fb6-8806-9883edb7e362,True,FMC - 2019 - Annual FOIA Report
FCC,2019-11-14,2019,[],,"[{'value': 'After reviewing its database, FCC adjusted the number of requests pending as of the start of the Fiscal Year. ', 'format': None, 'processed': '<p>After reviewing its database, FCC adjusted the number of requests pending as of the start of the Fiscal Year.</p>\n'}]",,,,"After reviewing its database, FCC adjusted the number of appeals pending as of the start of the Fiscal Year.  ",,,,,,,,,,,,,,,,,,,,,,,,,,9.96,6,67372.50,3289945.76,3357318.26,15.96,59,62,703,700,17,66,18,81,2,91,24,3,299,13,2,87,703,3,0,0,0,47,69,217,14,0,25,0,29,0,0,0,3,9,15,9,3,11,0,1,15,0,0,0,1,4,8,1,0,1,0,5,0,0,0,1,1,0,2,0,0,0,0,0,0,7,0,148.67,543,<1,72,2018-10-01,N/A,2019-03-14,2019-08-15,N/A,N/A,N/A,N/A,N/A,N/A,248,0,139,31,0,0,0,0,0,0,66.3,490,17,47,47.82,302,1,23.5,12.5,94,<1,10,66.36,348,17,49.5,61.3,302,2,37,15.56,47,<1,14,0,0,0,0,0,391,0,100,0,0,7,1,1,500,6,3,0,0,2,4,4,41,1,1,43,16,7,128,3,1,0,1,2,26,1,13,1,0,7,3,2,60,157.83,68,12,73.5,38,6,19.82,8,39,2016-11-18,2018-09-17,2018-05-16,2018-07-18,2018-09-05,2018-11-19,2018-12-31,2019-01-04,2019-02-25,2019-03-29,715,9,289,289,266,214,189,186,152,79,8.7,6,35,58,66,0.08,N/A,51,0,0.5000,16336.39,0,7,32955958,3,16,7,1,0,6,2019-09-27,N/A,N/A,N/A,N/A,N/A,N/A,N/A,N/A,N/A,1,0,0,0,0,0,0,0,0,0,703,848,700,820,16,9,15,35,9,36,3,11,1ccf3843-6254-4c4f-92c8-d2e8aef9decc,True,FCC - 2019 - Annual FOIA Report
SEC,2019-11-12,2019,[],,[],,,,,,,,,,,Due to a system limitation the chart in this section may contain information about unperfected requests,,,,,,,,,,,,,,,,,,,10.00,32,343201.68,7238733.49,7581935.17,42.00,599,540,11487,11546,267,31,1132,4695,39,4287,42,0,733,8,71,182,11487,0,0,10,35,436,289,313,471,1,300,17,27,1,22,1,15,6,587,596,452,17,72,46,587,0,0,2,4,113,42,272,0,43,0,4,0,3,0,0,0,1,0,3,0,9,0,0,0,4,9,26.28,258,<1,15.00,2018-12-10,2019-09-20,2019-03-18,2019-05-03,2019-08-16,2019-09-18,2019-09-20,2019-09-20,2019-09-20,2019-09-20,203,6,137,103,31,8,6,6,6,6,574,1261,311,494,47.41,228,4,14,16.89,446,<1,8,542,542,542,542,64.4,228,4,16,18.84,446,<1,8,69,56,43,44,11,8912,25,1625,8,3,398,168,109,11471,0,0,0,0,0,0,0,0,8,1,0,0,0,9,0,0,0,0,0,5,1,0,0,0,1,0,0,7,815,894,6,34,25,3,38,11,590,2015-09-15,2017-02-15,2015-10-09,2016-02-12,2016-04-05,2016-08-01,2016-09-02,2016-12-14,2016-12-23,2017-02-03,1014,526,996,912,876,661,637,568,561,534,5.43,4,253,10,234,3.27,2,232,168,0.2500,17921.90,10,124,671957,4,184,11,2,0,9,2019-08-12,N/A,2019-09-04,N/A,N/A,N/A,N/A,N/A,N/A,N/A,34,0,18,0,0,0,0,0,0,0,11487,14248,11546,14229,184,112,587,637,596,621,4,0,b0f4b40b-34d2-436e-88f3-1e528d654e4e,True,SEC - 2019 - Annual FOIA Report
MSPB,2019-11-21,2019,[],,"[{'value': 'After reviewing its database, MSPB has adjusted the number of requests pending as of the start of the Fiscal Year. ', 'format': None, 'processed': '<p>After reviewing its database, MSPB has adjusted the number of requests pending as of the start of the Fiscal Year.</p>\n'}]",,,,,,,,,,,,,,,,,,,,,,,,,,,,,,0.85,1,0.00,241329.00,241329.00,1.85,52,50,115,117,2,0,2,33,3,26,0,1,40,5,0,3,115,1,0,1,0,0,1,41,3,0,5,0,6,1,0,0,3,5,10,8,6,1,0,3,10,0,0,0,0,1,6,0,0,0,0,2,0,0,0,0,0,0,0,2,0,1,0,1,0,0,1,44,140,8,20,2018-08-21,N/A,2018-08-21,2019-09-30,N/A,N/A,N/A,N/A,N/A,N/A,276,0,276,0,0,0,0,0,0,0,318.23,805,1,169.5,N/A,N/A,N/A,N/A,8.49,138,<1,3,352.59,805,9,187,N/A,N/A,N/A,N/A,7.87,23,<1,4.5,0,1,0,0,0,75,0,1,0,0,0,0,0,77,1,0,1,0,2,5,0,6,0,13,1,0,1,30,0,0,0,0,0,0,0,0,0,0,0,0,0,0,453.44,595.5,34,1173,1173,1,444.35,526,17,2015-01-23,2016-08-08,2015-06-08,2016-01-23,2016-02-16,2016-03-22,2016-06-01,2016-06-02,2016-07-18,2016-08-01,1173,787,957,923,909,884,834,833,802,792,5,1,9,0,8,N/A,N/A,0,0,0.0000,0.00,0,14,69,2,46,0,0,1,1,N/A,N/A,N/A,N/A,N/A,N/A,N/A,N/A,N/A,N/A,0,0,0,0,0,0,0,0,0,0,115,200,117,173,46,47,10,8,8,13,2,3,8835871f-98a9-405d-b540-015800a79c9c,True,MSPB - 2019 - Annual FOIA Report
FRB,2019-11-13,2019,[],,"[{'value': 'After reviewing its database, FRB adjusted the number of requests pending as of the start of the Fiscal Year.', 'format': None, 'processed': '<p>After reviewing its database, FRB adjusted the number of requests pending as of the start of the Fiscal Year.</p>\n'}]",,,,"After reviewing its database, FRB adjusted the number of appeals pending as of the start of the Fiscal Year.",,,,,,,,,,,,,"After reviewing its database, FRB adjusted the third oldest pending perfected request reported from last year's annual report.",,,,,,,,,"After reviewing its database, FRB adjusted the number of requests processed during the fiscal year from last year's annual report.","After reviewing its database, FRB adjusted the number of backlogged requests as of the end of the fiscal year from the previous annual report.",,"After reviewing its database, FRB adjusted the number of backlogged appeals as of the end of the fiscal year from the previous annual report. ",11.00,4,14089.00,1390794.00,1404883.00,15.00,35,34,561,562,4,1,16,318,10,54,25,9,72,22,7,23,561,9,0,0,1,35,30,42,3,0,1,0,5,0,28,0,5,0,9,14,6,1,1,1,9,0,0,0,3,4,1,1,0,0,0,0,0,4,0,0,0,0,0,1,0,2,0,0,0,0,2,44,78,21,41,2019-02-08,N/A,2019-07-01,2019-09-09,2019-09-23,2019-09-24,N/A,N/A,N/A,N/A,163,0,64,16,6,5,0,0,0,0,48,261,1,29,N/A,0,0,N/A,13,206,1,8,51,261,1,35,N/A,0,0,N/A,14,206,1,8,1,0,0,0,0,228,1,24,0,0,10,4,1,269,14,12,4,3,2,84,4,75,0,0,33,20,9,260,0,0,0,0,0,0,0,0,0,0,0,0,0,0,112,24,31,N/A,N/A,0,73,22,4,2017-04-06,2019-07-19,2017-04-06,2017-05-31,2018-10-09,2019-01-29,2019-02-01,2019-06-04,2019-07-02,2019-07-03,625,51,625,587,246,171,168,83,63,62,7,7,6,3,7,N/A,N/A,0,0,0.0300,426.40,0,1,14,2,14,5,4,4,5,2018-05-14,N/A,2018-08-13,2018-11-26,2019-07-26,N/A,N/A,N/A,N/A,N/A,348,0,285,214,46,0,0,0,0,0,561,625,562,610,14,18,9,7,14,6,2,0,9b351fb7-0f3a-4e21-8a58-ddf4cdc1e6c0,True,FRB - 2019 - Annual FOIA Report
EXIM Bank,11/13/2019,2019,[],,[],,,,,,,,N/A,,,,,,,,,,,,,,,,,,,,,,0.50,3,0.00,491752.80,491752.80,3.50,38,44,85,79,0,2,4,26,0,10,0,0,36,5,0,2,85,0,0,0,0,25,19,29,6,0,7,0,5,0,0,0,0,0,2,2,1,0,0,1,2,0,0,0,1,1,1,0,0,0,0,0,0,0,0,0,0,0,0,0,0,0,0,0,0,0,0,34,52,0,34,N/A,N/A,N/A,N/A,N/A,N/A,N/A,N/A,N/A,N/A,0,0,0,0,0,0,0,0,0,0,370.55,1273,8,312.5,15,15,15,15,15.76,66,<1,6,424.07,1273,24,374,15,15,15,15,13.47,61,<1,6,0,0,0,0,0,32,0,3,0,0,4,2,0,41,2,0,0,0,1,2,5,4,7,13,1,3,0,38,0,0,0,0,0,1,0,0,0,0,0,0,0,1,368,366,25,N/A,N/A,0,170,144,10,2015-08-06,2018-02-06,2016-05-03,2016-05-03,2016-11-23,2017-05-05,2017-06-07,2017-06-23,2017-06-26,2018-01-24,1041,415,856,856,715,603,581,569,568,424,5.5,6.5,5,1,6,17.92,1,5,21,0.0700,368.00,0,7,2,0,31,2,1,0,1,2019-08-06,N/A,N/A,N/A,N/A,N/A,N/A,N/A,N/A,N/A,38,0,0,0,0,0,0,0,0,0,85,85,79,77,31,41,2,3,2,3,0,0,ef2b6a0d-f6d1-4b64-abfb-c64f147c0058,True,EXIM Bank - 2019 - Annual FOIA Report
PC,2019-11-13,2019,[],,[],,,,,,,,,,,,,,,,,,,,,,,,,,,,,,3.10,0,0.00,1794054.00,1794054.00,3.10,134,56,101,179,2,2,0,42,2,13,0,0,30,1,4,5,101,0,0,7,0,1,8,25,0,0,5,3,4,0,0,0,0,0,6,6,2,0,3,1,6,0,0,0,0,0,1,2,0,0,0,0,0,0,0,0,0,0,0,0,0,0,0,0,0,0,0,13.67,21,7,12.5,N/A,N/A,N/A,N/A,N/A,N/A,N/A,N/A,N/A,N/A,0,0,0,0,0,0,0,0,0,0,268.3,757,21,217.5,1,1,1,1,71.33,601,<1,28,306.8,757,148,205,N/A,N/A,N/A,N/A,79.17,538,<1,33,2,2,3,3,1,28,6,18,4,2,8,4,3,84,0,1,1,0,1,0,4,1,0,2,0,0,0,10,0,0,0,0,0,1,0,0,0,0,0,0,0,1,161,10,28,N/A,N/A,0,128,28,106,2016-11-21,2018-01-18,2017-02-09,2016-12-01,2016-12-05,2016-12-07,2017-08-18,2017-09-26,2017-12-11,2017-12-22,717,428,716,710,708,706,530,504,453,444,1,1,6,1,7,1,1,20,6,0.0000,0.00,0,39,499,0,69,1,1,1,1,2018-04-17,N/A,N/A,N/A,N/A,N/A,N/A,N/A,N/A,N/A,366,0,0,0,0,0,0,0,0,0,101,123,179,137,69,56,6,7,6,7,0,0,1b86659b-d514-41f4-9a27-8951c689491b,True,PC - 2019 - Annual FOIA Report
USTR,2019-11-13,2019,[],,[],,,,,,,,,,,,,,,,,,,,,,,,,,,,,,1.70,0,0.00,258000.00,258000.00,1.70,12,14,138,136,0,0,3,18,0,30,0,4,79,4,0,0,138,4,10,0,15,17,40,74,1,0,0,0,0,0,0,0,0,2,10,8,1,0,1,8,10,3,0,1,1,6,0,0,0,0,0,0,0,0,0,0,0,0,0,1,0,0,0,0,0,0,0,19,37,6,15,N/A,N/A,N/A,N/A,N/A,N/A,N/A,N/A,N/A,N/A,0,0,0,0,0,0,0,0,0,0,193,1531,26,114,7,9,6,7,25,128,1,19,197,1531,26,111,8,10,7,7,29,128,1,20,3,1,0,0,0,76,0,16,0,0,7,3,2,108,4,3,1,1,1,0,2,3,0,2,1,1,4,23,0,0,0,0,0,3,0,0,0,0,0,0,0,3,221,221,1,N/A,N/A,0,7,5,8,2018-11-13,N/A,2019-08-22,2019-09-20,2019-09-20,2019-09-24,2019-09-25,2019-09-25,2019-09-25,2019-09-30,221,0,27,7,7,5,4,4,4,1,9,9,6,3,8,N/A,N/A,0,0,0.3400,874.00,0,34,16,0,2,31,0,0,31,N/A,N/A,N/A,N/A,N/A,N/A,N/A,N/A,N/A,N/A,0,0,0,0,0,0,0,0,0,0,138,188,136,186,2,11,10,4,8,6,0,0,98484348-2ce6-44a2-a08d-96bdc99d9b6c,True,USTR - 2019 - Annual FOIA Report
ACUS,2019-11-13,2019,[],,[],,,,,,,,,,,,,,,,,,,,,,,,,,,,,,0.05,0,0.00,11233.00,11233.00,0.05,0,0,24,24,0,0,0,4,0,0,18,0,2,0,0,0,24,0,0,0,0,0,0,0,0,0,0,0,0,0,0,0,0,0,0,0,0,0,0,0,0,0,0,0,0,0,0,0,0,0,0,0,0,0,0,0,0,0,0,0,0,0,0,0,0,0,0,N/A,N/A,N/A,N/A,N/A,N/A,N/A,N/A,N/A,N/A,N/A,N/A,N/A,N/A,0,0,0,0,0,0,0,0,0,0,N/A,N/A,N/A,N/A,N/A,N/A,N/A,N/A,1,1,1,1,N/A,N/A,N/A,N/A,N/A,N/A,N/A,N/A,1,1,<1,1,0,0,0,0,0,24,0,0,0,0,0,0,0,24,0,0,0,0,0,0,0,0,0,0,0,0,0,0,0,0,0,0,0,0,0,0,0,0,0,0,0,0,N/A,N/A,0,N/A,N/A,0,N/A,N/A,0,N/A,N/A,N/A,N/A,N/A,N/A,N/A,N/A,N/A,N/A,0,0,0,0,0,0,0,0,0,0,N/A,N/A,0,0,0,N/A,N/A,0,0,0.0000,0.00,0,6,227,0,0,1,0,0,1,N/A,N/A,N/A,N/A,N/A,N/A,N/A,N/A,N/A,N/A,0,0,0,0,0,0,0,0,0,0,24,19,24,19,0,0,0,0,0,0,0,0,4523d6dd-42b2-4774-95fc-e9cdd120745e,True,ACUS - 2019 - Annual FOIA Report
USADF,2019-11-15,2019,[], ,[],,,,,,,,,,,,,,,,,,,,,,,,,,,,,,0.06,0,0.00,9000.00,9000.00,0.06,0,0,7,7,0,0,0,5,0,1,0,0,1,0,0,0,7,0,0,2,0,1,0,1,0,0,0,0,0,0,0,0,0,0,1,1,0,0,0,1,1,0,1,1,1,0,1,0,0,0,0,0,0,0,0,0,0,0,0,0,0,0,0,0,0,0,0,30,30,30,30,N/A,N/A,N/A,N/A,N/A,N/A,N/A,N/A,N/A,N/A,0,0,0,0,0,0,0,0,0,0,51,51,51,51,20,20,20,20,8.6,17,1,11,51,51,51,51,N/A,N/A,N/A,N/A,7.75,17,1,6.5,0,0,0,0,0,5,0,0,0,0,0,0,0,5,0,0,0,0,0,0,0,1,0,0,0,0,0,1,0,0,0,0,0,1,0,0,0,0,0,0,0,1,N/A,N/A,0,N/A,N/A,0,N/A,N/A,0,N/A,N/A,N/A,N/A,N/A,N/A,N/A,N/A,N/A,N/A,0,0,0,0,0,0,0,0,0,0,3,3,0,1,1,N/A,N/A,0,0,0.0000,0.00,0,0,0,0,0,0,0,0,0,N/A,N/A,N/A,N/A,N/A,N/A,N/A,N/A,N/A,N/A,0,0,0,0,0,0,0,0,0,0,7,6,7,6,0,0,1,0,1,0,0,0,001821b6-ac09-4f18-9aed-71a1ed01956b,True,USADF - 2019 - Annual FOIA Report
PCLOB,2019-11-14,2019,[],,[],,,,,,,,,,,,,,,,,,,,,,,,,,,,,,0.50,0,0.00,9800.00,9800.00,0.50,13,10,20,23,0,0,3,1,0,11,0,3,2,0,0,0,20,3,1,0,0,0,2,4,0,0,0,0,0,0,0,0,0,0,3,3,2,0,0,1,3,1,0,0,0,1,1,0,0,0,0,0,0,0,0,0,0,0,0,1,0,0,0,0,0,0,0,16,20,10,15,N/A,N/A,N/A,N/A,N/A,N/A,N/A,N/A,N/A,N/A,0,0,0,0,0,0,0,0,0,0,17.6,20,12,17,10,10,10,10,10.5,19,3,8.5,20,20,20,20,N/A,0,0,N/A,9,15,3,9,0,0,0,0,0,17,0,0,0,0,0,0,0,17,0,0,0,0,0,2,0,0,0,0,0,0,0,2,0,0,0,0,0,1,0,0,0,0,0,0,0,1,76,230,10,N/A,N/A,0,147,120,3,2017-03-06,2018-07-12,2017-03-08,2017-05-31,2017-07-05,2017-07-10,2017-07-27,2017-08-23,2017-08-23,2017-10-04,647,306,645,586,562,559,546,527,527,498,2,1,0,2,2,13,1,0,8,0.0000,0.00,0,0,3,0,13,0,0,0,0,N/A,N/A,N/A,N/A,N/A,N/A,N/A,N/A,N/A,N/A,0,0,0,0,0,0,0,0,0,0,20,26,23,28,13,10,3,0,3,0,0,0,121d8f11-0054-4d4c-8e5b-e2e677e9ed7e,True,PCLOB - 2019 - Annual FOIA Report
NEA,2019-11-15,2019,[],,[],,,,,,,,,,,,,,,,,,,,,,,,,,,,,,1.50,0,0.00,87500.00,87500.00,1.50,1,0,57,58,0,0,0,16,0,11,0,0,30,0,0,0,57,0,0,0,0,17,4,23,0,0,0,0,0,0,0,0,0,0,0,0,0,0,0,0,0,0,0,0,0,0,0,0,0,0,0,0,0,0,0,0,0,0,0,0,0,0,0,0,0,0,0,N/A,N/A,N/A,N/A,N/A,N/A,N/A,N/A,N/A,N/A,N/A,N/A,N/A,N/A,0,0,0,0,0,0,0,0,0,0,32,77,20,23,5,7,3,4,22,58,3,30,32,77,20,48,22,34,14,21,23,58,3,30,0,0,0,0,0,31,0,14,0,0,6,0,0,51,0,0,0,0,0,1,0,4,0,0,0,1,0,6,0,0,0,0,0,0,0,0,0,0,0,0,0,0,N/A,N/A,0,N/A,N/A,0,8,8,1,2019-09-18,N/A,N/A,N/A,N/A,N/A,N/A,N/A,N/A,N/A,8,0,0,0,0,0,0,0,0,0,5,5,6,0,6,N/A,N/A,0,0,0.0000,0.00,0,0,11,0,0,0,0,0,0,N/A,N/A,N/A,N/A,N/A,N/A,N/A,N/A,N/A,N/A,0,0,0,0,0,0,0,0,0,0,57,76,58,71,0,0,0,0,0,0,0,0,2047d17f-d88a-4128-8abf-d6bea17e71ed,True,NEA - 2019 - Annual FOIA Report
USITC,2019-11-04,2019,[],,[],,,,,,,,,,,,,,,,,,,,,,,,,,,,,,4.00,0,0.00,44200.00,44200.00,4.00,3,0,28,31,0,0,2,8,0,8,0,0,10,0,0,0,28,0,0,0,1,1,10,11,0,0,0,0,2,0,0,0,0,0,0,0,0,0,0,0,0,0,0,0,0,0,0,0,0,0,0,0,0,0,0,0,0,0,0,0,0,0,0,0,0,0,0,N/A,N/A,N/A,N/A,N/A,N/A,N/A,N/A,N/A,N/A,N/A,N/A,N/A,N/A,0,0,0,0,0,0,0,0,0,0,40.1,84,25,30,N/A,N/A,N/A,N/A,16.3,20,7,19,29.2,30,27,30,N/A,N/A,N/A,N/A,18.8,20,16,20,0,0,0,0,0,21,0,0,0,0,0,0,0,21,0,0,0,0,0,0,0,5,0,0,1,0,1,7,0,0,0,0,0,0,0,0,0,0,0,0,0,0,26,29,3,N/A,N/A,0,N/A,N/A,0,2019-08-22,N/A,2019-09-18,2019-09-25,N/A,N/A,N/A,N/A,N/A,N/A,25,0,8,3,0,0,0,0,0,0,5.3,8,2,0,2,N/A,N/A,0,0,0.0000,0.00,0,0,233,0,1,0,0,0,0,N/A,N/A,N/A,N/A,N/A,N/A,N/A,N/A,N/A,N/A,0,0,0,0,0,0,0,0,0,0,28,37,31,34,1,0,0,2,0,2,0,0,35a8bed3-a53d-4911-80c5-f9522d44a44a,True,USITC - 2019 - Annual FOIA Report
USAGM,2019-1-18,2019,[],,"[{'value': 'After reviewing its database, USAGM adjusted the number of requests pending as of the start of the fiscal year. ', 'format': None, 'processed': '<p>After reviewing its database, USAGM adjusted the number of requests pending as of the start of the fiscal year.</p>\n'}, {'value': 'In August 2018, the Broadcasting Board of Governors became the U.S. Agency for Global Media.', 'format': None, 'processed': '<p>In August 2018, the Broadcasting Board of Governors became the U.S. Agency for Global Media.</p>\n'}]",,,,"After reviewing its database, USAGM adjusted the number of appeals pending as of the start of the fiscal year. ",,,,,,,,,,,,,,   ,,,,,,,,,,,,1.20,0,10000.00,160000.00,170000.00,1.20,14,25,74,63,0,0,0,10,2,13,0,0,34,3,0,12,74,0,0,0,0,7,15,23,1,0,2,0,0,0,0,1,0,3,3,0,1,1,1,0,3,0,0,0,0,0,0,0,0,0,0,0,0,0,0,0,0,0,0,0,0,0,0,0,0,1,0,168,323,52,129,N/A,N/A,N/A,N/A,N/A,N/A,N/A,N/A,N/A,N/A,0,0,0,0,0,0,0,0,0,0,N/A,N/A,N/A,N/A,N/A,N/A,N/A,N/A,79,338,2,48,N/A,N/A,N/A,N/A,N/A,N/A,N/A,N/A,79,338,2,48,3,1,2,1,6,9,4,17,1,0,15,2,8,69,0,0,0,0,0,0,0,0,0,0,0,0,0,0,0,0,0,0,0,0,0,0,0,0,0,0,0,0,N/A,N/A,0,N/A,N/A,0,139,147,14,2018-10-30,2019-05-20,2018-10-30,2018-11-18,2018-11-30,2018-12-07,2019-02-04,2019-02-19,2019-03-18,2019-04-25,229,92,229,222,208,203,166,156,137,109,N/A,N/A,0,0,0,N/A,N/A,0,0,0.0000,0.00,0,0,0,0,13,1,0,0,1,N/A,N/A,N/A,N/A,N/A,N/A,N/A,N/A,N/A,N/A,0,0,0,0,0,0,0,0,0,0,74,59,63,60,13,4,3,3,0,2,0,0,2ea6d6a6-0a44-44c1-86ab-1caa0486b68a,True,USAGM - 2019 - Annual FOIA Report
FFIEC,11/18/2019,2019,[],,[],,,,,,,,,,,,,,,,,,,,,,,,,,,,,,0.10,0,0.00,10168.00,10168.00,0.10,0,0,11,11,0,0,1,0,0,4,0,0,5,0,1,0,11,0,0,0,0,1,2,4,0,0,0,0,0,0,1,0,0,6,6,0,0,0,0,6,6,0,6,0,0,6,6,0,0,0,0,0,0,6,0,0,0,0,0,0,0,0,0,0,0,0,0,499,499,499,499,N/A,N/A,N/A,N/A,N/A,N/A,N/A,N/A,N/A,N/A,0,0,0,0,0,0,0,0,0,0,21.5,30,13,21.5,N/A,N/A,N/A,N/A,10.1,35,1,8,21.5,30,13,21.5,N/A,N/A,N/A,N/A,19,35,13,13,0,0,0,0,0,8,0,1,0,0,0,0,0,9,0,0,0,0,0,1,0,1,0,0,0,0,0,2,0,0,0,0,0,0,0,0,0,0,0,0,0,0,N/A,N/A,0,N/A,N/A,0,N/A,N/A,0,N/A,N/A,N/A,N/A,N/A,N/A,N/A,N/A,N/A,N/A,0,0,0,0,0,0,0,0,0,0,12.5,12.5,2,0,0,N/A,N/A,0,0,0.0000,0.00,0,0,0,0,0,0,0,0,0,N/A,N/A,N/A,N/A,N/A,N/A,N/A,N/A,N/A,N/A,0,0,0,0,0,0,0,0,0,0,11,8,11,8,0,0,6,0,0,0,0,6,700480b2-d291-4f62-a5c0-83279b3bfa89,True,FFIEC - 2019 - Annual FOIA Report
NCD,"November 18, 2019",2019,[],,[],,,,,,,,,,,,,,,,,,,,,,,,,,,,,,0.10,0,0.00,10000.00,10000.00,0.10,1,0,11,12,0,0,1,0,0,8,0,0,0,2,0,0,11,0,0,0,0,0,1,0,0,0,0,0,0,0,0,0,0,0,0,0,0,0,0,0,0,0,0,0,0,0,0,0,0,0,0,0,0,0,0,0,0,0,0,0,0,0,0,0,0,0,0,0,0,0,0,N/A,N/A,N/A,N/A,N/A,N/A,N/A,N/A,N/A,N/A,0,0,0,0,0,0,0,0,0,0,N/A,N/A,N/A,N/A,N/A,N/A,N/A,N/A,6,20,<1,4,N/A,N/A,N/A,N/A,N/A,N/A,N/A,N/A,N/A,N/A,N/A,N/A,0,0,0,0,0,9,0,0,0,0,0,0,0,9,0,0,0,0,0,0,0,0,0,0,0,0,0,0,0,0,0,0,0,0,0,0,0,0,0,0,0,0,30,30,1,N/A,N/A,0,N/A,N/A,0,2019-09-11,N/A,N/A,N/A,N/A,N/A,N/A,N/A,N/A,N/A,30,0,0,0,0,0,0,0,0,0,N/A,N/A,0,0,0,N/A,N/A,0,0,0.0000,0.00,0,0,44,0,0,0,0,0,0,N/A,N/A,N/A,N/A,N/A,N/A,N/A,N/A,N/A,N/A,0,0,0,0,0,0,0,0,0,0,11,0,12,3,0,0,0,0,0,0,0,0,e5ec6d37-29dd-4309-ae8b-6520c7a77989,True,NCD - 2019 - Annual FOIA Report
CPSC,2019-11-18,2019,[],,"[{'value': 'After reviewing its database, CPSC adjusted the number of requests pending as of the start of the Fiscal Year. ', 'format': None, 'processed': '<p>After reviewing its database, CPSC adjusted the number of requests pending as of the start of the Fiscal Year.</p>\n'}]",,,,,,,,,,,,,,,,,,,,,,,,,,,,,,1.00,5,0.00,434997.68,434997.68,6.00,563,374,316,505,6,0,28,46,8,35,1,23,121,0,27,21,316,23,3,3,175,36,64,98,32,1,0,7,0,0,0,0,1,1,9,9,2,0,4,3,9,0,0,3,3,3,3,0,0,0,0,1,0,0,0,0,0,0,0,0,0,0,0,0,0,0,0,33.5,75,20,22.5,2019-09-24,N/A,N/A,N/A,N/A,N/A,N/A,N/A,N/A,N/A,4,0,0,0,0,0,0,0,0,0,198.49,654,1,169,47.75,96,6,44.5,89.68,437,1,36,262.51,654,2,273,88.5,96,81,88.5,148.97,437,6,99,5,2,3,2,2,1,9,28,3,3,19,7,6,90,11,9,4,7,7,33,39,13,25,32,14,12,9,215,0,0,0,0,0,2,0,0,0,0,0,0,2,4,71,86.5,416,10,10,2,26,20,119,2016-09-16,2017-01-31,2016-11-18,2016-11-29,2017-01-18,2017-01-18,2017-01-18,2017-01-18,2017-01-18,2017-01-19,765,631,703,692,644,644,644,644,644,643,16.52,7,39,1,32,190.4,43,0,5,0.0000,0.00,0,4,31,1,404,2,0,0,2,N/A,N/A,N/A,N/A,N/A,N/A,N/A,N/A,N/A,N/A,0,0,0,0,0,0,0,0,0,0,316,439,505,554,404,265,9,12,9,10,1,0,5afdd48e-7916-42c2-9048-a548b84d8c39,True,CPSC - 2019 - Annual FOIA Report
Treasury,2019-12-30,2019,[],,"[{'value': 'After reviewing its database, Treasury adjusted the number of requests pending as of the start of the Fiscal Year.', 'format': None, 'processed': '<p>After reviewing its database, Treasury adjusted the number of requests pending as of the start of the Fiscal Year.</p>\n'}]",,,,"After reviewing its database, Treasury adjusted the number of appeals pending as of the start of the Fiscal Year.",,,,,,,,,,,,,,,,,,,,"After reviewing its database, DO adjusted the number of consultations pending as of the start of the Fiscal Year.",,"After reviewing its database, DO adjusted the number of requests received as of the start of the Fiscal Year.","After reviewing its database, DO adjusted the number of backlogged requests as of the start of the Fiscal Year.","After reviewing its database, DO adjusted the number appeals received as of the start of the Fiscal Year.","After reviewing its database, DO adjusted the number of backlogged appeals as of the start of the Fiscal Year.",81.81,47,1394963.10,17907075.91,19302039.01,128.81,2195,2180,11921,11936,671,100,276,3474,2304,945,203,15,2797,184,186,766,11921,15,8,36,2034,128,581,858,473,3,979,26,1182,9,33,0,124,113,137,148,123,4,6,4,137,0,2,55,2,22,22,19,0,14,0,18,1,3,0,1,1,0,18,20,0,0,0,0,1,0,0,44.1,2024,<1,16,2010-06-09,2012-06-20,2011-04-06,2011-07-15,2011-07-26,2011-09-01,2011-11-03,2012-02-23,2012-06-18,2012-06-19,2275,1827,2131,2061,2054,2027,1984,1910,1829,1828,56.2,1911,<1,23,110.2,555,5,31,11.1,412,<1,3,50.8,1884,<1,25,34.4,331,11,22,11.4,412,<1,5,5,6,5,3,2,2162,4,108,3,2,35,19,13,2367,110,89,49,40,39,3498,145,1439,92,327,691,335,180,7034,1,0,0,0,0,14,5,5,2,2,1,2,0,32,279.2,166,1862,345.9,351,43,112.1,32,116,2008-01-28,2013-10-17,2010-07-27,2011-02-09,2011-05-27,2012-05-22,2013-04-03,2013-07-26,2013-08-22,2013-10-17,2931,1493,2303,2169,2093,1846,1630,1550,1531,1493,<1,<1,368,39,395,2.7,2,20,87,1.1100,199308.41,0,166,3354,100,1495,154,27,26,153,2014-08-05,2019-04-26,2017-02-27,2017-12-01,2018-06-06,2018-07-02,2018-07-31,2018-09-18,2018-10-16,2019-03-21,1259,108,649,456,328,312,292,257,237,134,11921,12120,11936,10844,1495,1512,137,167,148,171,100,90,71dea87e-3fee-41fb-bc88-c1e7d23875b2,True,Treasury - 2019 - Annual FOIA Report
NARA,2019-11-19,2019,[],,"[{'value': 'NARA conducted a data review and under reported the number of pending FOIA requests from 2018.  The correct number is now being reported.', 'format': None, 'processed': '<p>NARA conducted a data review and under reported the number of pending FOIA requests from 2018.  The correct number is now being reported.</p>\n'}]",,,,,,,,,,,,,,,,,,,,,,,NARA reviewed the FOIA data and determined that the backlog is larger than what was reported in FY 2018.,,,,See footnote for XII.A.,,,55.90,0,53857.00,4704677.00,4758534.00,55.90,3494,4090,68062,67466,1459,16,782,48743,801,3316,42,1738,3115,178,7731,141,68062,1738,318,25,326,24,24,498,5,0,233,431,104,20,2,0,106,165,127,68,62,20,22,23,127,14,0,17,1,1,11,0,0,10,24,1,2,0,0,3,1,4,9,27,1,2,1,0,2,3,2,389.27,1283,2,454,2012-10-26,2015-06-03,2013-07-12,2014-03-14,2014-04-24,2014-05-22,2014-08-26,2014-10-06,2015-01-06,2015-05-04,1738,1086,1559,1393,1364,1344,1278,1250,1189,1107,1332.70,6474,1,795,N/A,N/A,N/A,N/A,574.03,1608,1,398,1496.25,6474,1,1402.5,N/A,N/A,N/A,N/A,351.92,1511,1,426.5,58,50,21,34,4,63929,24,1209,13,696,300,102,64,66504,5,3,5,6,2,51,24,22,20,413,6,9,13,579,0,0,0,0,0,0,0,0,0,0,0,0,0,0,1332.70,795,2493,401.65,436,36,574.03,398,830,1994-05-04,2005-02-22,2001-02-08,2004-04-29,2004-10-12,2004-10-13,2004-10-13,2004-12-20,2004-12-20,2004-12-20,6381,3669,4682,3872,3758,3757,3757,3711,3711,3711,4.93,5,148,15,151,6.4,3,365,4,0.0000,0.00,0,2,76173524,95,3359,7,0,0,7,N/A,N/A,N/A,N/A,N/A,N/A,N/A,N/A,N/A,N/A,0,0,0,0,0,0,0,0,0,0,68062,53101,67466,52850,3359,1810,127,84,68,76,95,154,b9fcdb11-032d-4f0a-8662-7c74e4df62e4,True,NARA - 2019 - Annual FOIA Report
ODNI,2019-11-19,2019,[],,"[{'value': 'After reviewing its database, ODNI adjusted the number of requests pending as of the start of the Fiscal Year.\r\n\r\n', 'format': None, 'processed': '<p>After reviewing its database, ODNI adjusted the number of requests pending as of the start of the Fiscal Year.</p>\n'}]",,,,,,,,,,,,,,,,,,,,,,,,,,,,,,1.00,11,137849.00,1798000.00,1935849.00,12.00,588,549,464,503,6,0,20,40,0,123,0,24,236,2,0,13,464,24,15,0,246,1,7,16,0,0,1,0,0,0,0,0,24,38,31,17,0,31,0,0,31,0,0,0,0,0,0,0,0,0,0,0,0,0,0,0,0,0,0,0,0,17,0,0,10,4,17,549.77,1592,1,672.00,2013-03-20,2017-10-25,2014-10-15,2015-10-07,2016-01-14,2016-06-02,2016-11-29,2017-04-24,2017-06-21,2017-09-19,1641.0,485.0,1245.0,999.0,933.0,836.0,713.0,613.0,572.0,510.0,185.59,1648,1,46.00,2.00,3,1,2.00,11.91,284,1,3.00,179.42,1648,1,49.00,2.00,3,1,2.00,12.71,284,1,3.00,1,0,0,1,0,170,4,4,0,0,1,1,0,182,17,18,5,3,1,91,21,28,13,38,10,11,3,259,0,0,0,0,0,3,0,0,0,0,0,0,0,3,601.63,548,485,N/A,N/A,0,431.97,350,103,2013-02-11,2014-04-01,2012-08-05,2013-11-27,2013-12-06,2013-12-12,2013-12-16,2014-02-24,2014-03-25,2014-04-01,1667.0,1382.0,1545.0,1466.0,1460.0,1456.0,1454,1408.0,1387.0,1382.0,12.76,1,17,3,15,1,1,0,94,0.0000,0.00,0,15,60,22,561,82,21,34,95,2018-01-11,2019-05-30,2018-05-10,2018-06-27,2018-07-27,2019-04-17,2019-05-03,2019-05-13,2019-05-20,2019-05-23,433.0,86.0,350.0,317.0,296,116.0,104.0,98.0,93.0,90.0,464,349,503,498,561,539,31,11,17,11,22,38,21547bff-b268-4b42-a664-1c5a4c162c0b,True,ODNI - 2019 - Annual FOIA Report
CIA,2019/11/19,2019,[],,"[{'value': 'After reviewing its database, CIA updated the number of requests pending as of the start of the Fiscal Year.', 'format': None, 'processed': '<p>After reviewing its database, CIA updated the number of requests pending as of the start of the Fiscal Year.</p>\n'}]",,,,,,,,,,,,,,,,,,,,,,,,"After reviewing its database, CIA updated the number of consultations received from other agencies pending at the start of the Fiscal Year.",,,,,,27.00,47,1155651.00,7060591.00,8216242.00,74.00,2634,2332,2261,2563,93,6,607,157,429,343,56,134,331,32,66,7,2261,134,959,7,1028,12,34,212,4,0,15,16,19,0,0,0,256,180,173,249,45,120,0,8,173,42,2,43,0,2,4,0,0,0,0,0,0,0,0,0,1,0,4,1,1,12,1,1,98,1,12,124.73,2593,<1,<1,2007-04-16,2013-07-19,2011-01-06,2012-01-06,2012-09-10,2012-10-09,2012-11-19,2013-03-07,2013-04-10,2013-04-30,3128,1556,2017,1942,1771,1751,1723,1650,1626,1612,329.70,2641,4,191.50,88,145,31,88,20.11,100,<1,14,525.4,2641,5,341,N/A,N/A,N/A,N/A,24.09,97,3,15,0,0,0,0,0,298,0,56,0,0,32,24,8,418,45,23,31,39,46,43,157,112,93,311,128,82,48,1158,0,0,1,0,0,0,0,1,0,0,0,0,0,2,530.23,402,1950,666,666,1,224.98,59,578,2007-12-27,2010-06-11,2008-07-09,2008-12-23,2009-01-28,2009-04-15,2009-05-05,2009-01-28,2009-08-05,2010-01-29,2952,2335,2818,2703,2680,2626,2608,2578,2548,2428,9.5,3.5,32,1,23,22,22,1,3,0.0100,577.21,0,3,13168,237,2384,589,703,509,395,2011-08-09,2014-12-02,2011-10-12,2011-12-09,2014-03-31,2014-03-31,2014-07-18,2014-08-26,2014-10-09,2014-12-02,2044,1213,2000,1960,1383,1383,1306,1279,1248,1213,2261,2345,2563,2726,2384,2009,173,219,249,277,237,158,1d589abf-0c38-4875-a3b1-b920f02af61c,True,CIA - 2019 - Annual FOIA Report
EPA,2019-11-18,2019,[],,"[{'value': 'EPA audited its reports and, based upon that audit, adjusted the total number of requests pending at the start of the Fiscal Year for the following components: HQ, and Regions 2,3,4,5,6,7,8,9, and 10.', 'format': None, 'processed': '<p>EPA audited its reports and, based upon that audit, adjusted the total number of requests pending at the start of the Fiscal Year for the following components: HQ, and Regions 2,3,4,5,6,7,8,9, and 10.</p>\n'}]",,,,"EPA audited it’s FY reports and, based upon that audit, adjusted the total number of requests pending in component HQ at the start of the Fiscal Year.",,,,,,,,,,,,,,,,,,,,,,,,,,137.00,94,2132910.00,32626930.00,34759840.00,231.00,3095,3751,9525,8869,372,46,70,4665,28,1738,16,18,1343,160,8,1061,9525,18,0,0,9,143,410,818,63,11,200,2,38,56,0,17,69,132,187,124,37,91,37,22,187,0,0,2,4,12,15,3,0,2,0,0,0,0,0,2,10,7,2,7,0,48,0,1,11,15,48,256.93,2377,<1,107,2013-05-30,2016-04-29,2013-09-27,2013-11-20,2014-04-16,2014-06-20,2014-07-10,2014-12-12,2015-03-31,2015-05-28,1587,856,1503,1467,1367,1321,1308,1201,1129,1088,117.95,1615,<1,44,541.77,1233,5,493,48.77,903,<1,16,126.32,1504,<1,55.5,428.12,631,5,449,45.93,687,<1,14,79,84,54,75,65,3988,207,1190,183,108,275,145,117,6570,63,56,41,25,36,460,114,570,106,173,338,164,104,2250,0,0,0,0,0,2,0,0,11,43,0,0,0,56,321.5,265,1141,594.24,573,41,272.15,275,1517,2010-04-07,2013-05-16,2011-08-22,2012-02-21,2012-03-22,2012-04-13,2012-06-11,2012-09-10,2012-11-02,2012-12-28,2377,1595,2030,1908,1882,1840,1824,1760,1728,1678,12.91,8,448,2,276,3.16,13,368,110,0.4100,133040.55,0,3,3395,64,2272,58,20,7,45,2017-09-11,2019-03-11,2017-09-12,2018-06-13,2018-09-12,2018-09-17,2018-09-19,2018-09-24,2019-02-13,2019-03-04,513,142,512,324,261,253,202,162,159,147,9525,10442,8869,11364,2272,2761,187,187,124,183,64,132,316a7013-2462-41ee-8caf-56f5eff809ce,True,EPA - 2019 - Annual FOIA Report
NSF,2020-11-20,2019,[],,[],,,,,,,,,,,,,,,,,,,,,,,,,,,,,,1.50,1,5545.00,371996.00,377541.00,2.50,318,258,267,327,0,1,6,32,2,32,2,0,162,5,0,25,267,0,0,2,2,146,8,150,1,0,3,0,0,0,0,0,0,0,3,3,2,0,0,1,3,0,1,0,2,1,3,0,0,0,0,0,0,0,0,0,0,0,0,0,0,0,0,0,0,0,0,16,19,0,16,N/A,N/A,N/A,N/A,N/A,N/A,N/A,N/A,N/A,N/A,0,0,0,0,0,0,0,0,0,0,87,1290,1,50,84,493,2,13,32,641,1,8,52,824,2,52,108,493,2,89,43,641,1,7,0,2,1,0,0,52,0,6,4,2,1,1,0,69,9,10,6,8,2,54,9,31,9,12,29,7,3,189,0,0,0,0,0,1,0,1,0,0,0,0,0,2,523,502,256,210,164,8,274,142,54,2013-10-24,2014-04-15,2013-11-18,2013-11-26,2014-01-03,2014-02-06,2014-02-07,2014-02-24,2014-03-20,2014-04-02,1468,1351,1452,1446,1421,1398,1397,1387,1369,1360,9,5,7,2,3,1,1,6,4,0.1000,380.07,0,0,207,0,301,3,0,0,3,N/A,N/A,N/A,N/A,N/A,N/A,N/A,N/A,N/A,N/A,0,0,0,0,0,0,0,0,0,0,267,349,327,329,301,248,3,4,3,4,0,0,16aedce7-10c8-4f75-b9d5-967f38ee56b3,True,NSF - 2019 - Annual FOIA Report
USICH,2019-11-21,2019,[],,[],,,,,,,,,,,,,,,,,,,,,,,,,,,,,,0.02,0,0.00,3200.00,3200.00,0.02,0,0,4,4,0,0,0,4,0,0,0,0,0,0,0,0,4,0,0,0,0,0,0,0,0,0,0,0,0,0,0,0,0,0,0,0,0,0,0,0,0,0,0,0,0,0,0,0,0,0,0,0,0,0,0,0,0,0,0,0,0,0,0,0,0,0,0,N/A,N/A,N/A,N/A,N/A,N/A,N/A,N/A,N/A,N/A,N/A,N/A,N/A,N/A,0,0,0,0,0,0,0,0,0,0,N/A,N/A,N/A,N/A,N/A,N/A,N/A,N/A,22.5,30,15,22.5,N/A,N/A,N/A,N/A,N/A,N/A,N/A,N/A,20,30,15,22.5,0,0,0,0,0,2,0,2,0,0,0,0,0,4,0,0,0,0,0,0,0,0,0,0,0,0,0,0,0,0,0,0,0,0,0,0,0,0,0,0,0,0,N/A,N/A,0,N/A,N/A,0,N/A,N/A,0,N/A,N/A,N/A,N/A,N/A,N/A,N/A,N/A,N/A,N/A,0,0,0,0,0,0,0,0,0,0,N/A,N/A,0,0,0,N/A,N/A,0,0,0.0000,0.00,0,0,0,0,0,0,0,0,0,N/A,N/A,N/A,N/A,N/A,N/A,N/A,N/A,N/A,N/A,0,0,0,0,0,0,0,0,0,0,4,8,4,8,0,0,0,0,0,0,0,0,6438cdba-ea87-4834-9bd1-99cc7e53b0d4,True,USICH - 2019 - Annual FOIA Report
CEQ,2019-11-18,2019,[],,[],"Data validation algorithm is incorrect.  There are 2 closed FOIA request that are not represented in either VII.C.1, 2, and 3, nor in Improper FOIA Request for Other Reason, nor in Records Not Reasonably Described.",,,,Data validation error by the algorithm.  The 1 shown here is indeed less than or equal to the 1 shown in VI.C.(2).,,,,,,,,,,,,,,,,,,,,,,,,,1.50,0,0.00,227524.00,227524.00,1.50,42,53,130,119,0,1,0,17,11,54,1,6,33,1,1,5,130,6,0,3,0,0,24,32,0,0,0,0,5,1,0,0,2,1,4,5,2,1,0,1,4,0,0,0,0,3,3,0,0,0,0,0,0,0,0,0,1,0,0,0,0,0,0,0,0,0,0,23.63,226,1,7.5,2019-07-18,N/A,2019-09-25,N/A,N/A,N/A,N/A,N/A,N/A,N/A,52,0,4,0,0,0,0,0,0,0,215.06,874,1,123,N/A,N/A,N/A,N/A,36.47,376,1,7,195.22,874,1,128,N/A,N/A,N/A,N/A,59.33,376,3,24,0,2,1,0,0,60,2,10,3,0,2,3,0,83,0,3,0,1,0,5,6,2,2,5,4,2,3,33,0,0,0,0,0,0,0,0,0,0,0,0,0,0,346.31,333,34,N/A,N/A,0,408.2,407,5,2016-05-04,2017-09-19,2016-12-19,2017-04-18,2017-05-08,2017-06-06,2017-06-15,2017-07-13,2017-08-22,2017-08-29,858,511,701,619,605,584,577,558,530,525,12,13,3,1,2,N/A,N/A,0,0,0.0000,0.00,0,19,21,1,39,13,3,0,10,2019-09-12,N/A,2019-09-27,2019-09-27,N/A,N/A,N/A,N/A,N/A,N/A,14,0,3,3,0,0,0,0,0,0,130,156,119,167,39,51,4,3,5,2,1,1,1a08c005-47e4-4abf-b502-d515f633ac7d,True,CEQ - 2019 - Annual FOIA Report
NIGC,2019-11-21,2019,[],,[],,,,,,,,,,,,,,,,,,,,,,,,,,,,,,1.00,0,0.00,50000.00,50000.00,1.00,2,12,47,37,0,0,2,15,0,9,0,0,18,0,0,3,47,0,0,0,0,14,7,10,0,0,5,0,1,0,0,0,0,0,1,1,0,1,0,0,1,0,0,0,0,0,0,0,0,0,0,0,0,0,0,0,0,0,0,0,0,1,0,0,0,0,1,17,17,17,17,N/A,N/A,N/A,N/A,N/A,N/A,N/A,N/A,N/A,N/A,0,0,0,0,0,0,0,0,0,0,218,526,45,96,N/A,N/A,N/A,N/A,4.5,17,1,2,144,492,45,73,N/A,N/A,N/A,N/A,5,17,1,2,0,0,0,0,0,32,0,0,0,0,0,0,0,32,0,1,0,0,1,0,0,0,1,4,2,5,1,15,0,0,0,0,0,0,0,0,0,0,0,0,0,0,871,871,2,N/A,N/A,0,N/A,N/A,0,2015-01-15,N/A,2017-07-05,N/A,N/A,N/A,N/A,N/A,N/A,N/A,1181,0,561,0,0,0,0,0,0,0,9,9,2,0,1,4,4,2,5,7.6600,3827.75,0,0,125,0,2,0,0,0,0,N/A,N/A,N/A,N/A,N/A,N/A,N/A,N/A,N/A,N/A,0,0,0,0,0,0,0,0,0,0,47,52,37,44,2,9,1,0,1,0,0,0,ec39874d-69d5-4508-97e3-110345c529fb,True,NIGC - 2019 - Annual FOIA Report
FCA,2019-11-12,2019,[],,[],,,,,,,,,,,,,"The two FOIA requests that were processed in 21-40 day range were pending during the government-wide furlough, and we could not obtain permission from other agencies to release information that was generated in their offices of Inspector General. ",,,,,,,,,,,,,,,,,2.00,0,0.00,32000.00,32000.00,2.00,2,2,21,21,0,0,0,7,0,6,0,0,5,0,0,3,21,0,0,0,0,0,3,0,0,0,0,0,0,0,2,0,0,0,0,0,0,0,0,0,0,0,0,0,0,0,0,0,0,0,0,0,0,0,0,0,0,0,0,0,0,0,0,0,0,0,0,0,0,0,0,N/A,N/A,N/A,N/A,N/A,N/A,N/A,N/A,N/A,N/A,0,0,0,0,0,0,0,0,0,0,N/A,N/A,N/A,N/A,N/A,N/A,N/A,N/A,8.7,36,<1,5,N/A,N/A,N/A,N/A,N/A,N/A,N/A,N/A,11.83,36,<1,10.5,0,0,0,0,0,19,0,2,0,0,0,0,0,21,0,0,0,0,0,0,0,0,0,0,0,0,0,0,0,0,0,0,0,0,0,0,0,0,0,0,0,0,N/A,N/A,0,N/A,N/A,0,9,9,2,2019-09-20,N/A,2019-09-24,N/A,N/A,N/A,N/A,N/A,N/A,N/A,7,0,5,0,0,0,0,0,0,0,0,0,0,0,0,7,5,0,5,0.0000,0.00,0,0,10,0,0,0,0,0,0,N/A,N/A,N/A,N/A,N/A,N/A,N/A,N/A,N/A,N/A,0,0,0,0,0,0,0,0,0,0,21,21,21,23,0,0,0,0,0,0,0,0,7b3d10e2-3817-4185-b241-6f12bd4f74fa,True,FCA - 2019 - Annual FOIA Report
